[{"model": "shoppy.county", "pk": 1, "fields": {"name": "MOMBASA", "number": 1, "created_at": "2019-12-05T07:16:40.123Z", "updated_at": "2019-12-05T07:16:40.124Z"}}, {"model": "shoppy.county", "pk": 2, "fields": {"name": "KWALE", "number": 2, "created_at": "2019-12-05T07:16:40.280Z", "updated_at": "2019-12-05T07:16:40.280Z"}}, {"model": "shoppy.county", "pk": 3, "fields": {"name": "KILIFI", "number": 3, "created_at": "2019-12-05T07:16:40.437Z", "updated_at": "2019-12-05T07:16:40.437Z"}}, {"model": "shoppy.county", "pk": 4, "fields": {"name": "TANA RIVER", "number": 4, "created_at": "2019-12-05T07:16:40.634Z", "updated_at": "2019-12-05T07:16:40.634Z"}}, {"model": "shoppy.county", "pk": 5, "fields": {"name": "LAMU", "number": 5, "created_at": "2019-12-05T07:16:40.753Z", "updated_at": "2019-12-05T07:16:40.753Z"}}, {"model": "shoppy.county", "pk": 6, "fields": {"name": "TAITA TAVETA", "number": 6, "created_at": "2019-12-05T07:16:40.924Z", "updated_at": "2019-12-05T07:16:40.924Z"}}, {"model": "shoppy.county", "pk": 7, "fields": {"name": "GARISSA", "number": 7, "created_at": "2019-12-05T07:16:41.020Z", "updated_at": "2019-12-05T07:16:41.020Z"}}, {"model": "shoppy.county", "pk": 8, "fields": {"name": "WAJIR", "number": 8, "created_at": "2019-12-05T07:16:41.111Z", "updated_at": "2019-12-05T07:16:41.111Z"}}, {"model": "shoppy.county", "pk": 9, "fields": {"name": "MANDERA", "number": 9, "created_at": "2019-12-05T07:16:41.208Z", "updated_at": "2019-12-05T07:16:41.208Z"}}, {"model": "shoppy.county", "pk": 10, "fields": {"name": "MARSABIT", "number": 10, "created_at": "2019-12-05T07:16:41.319Z", "updated_at": "2019-12-05T07:16:41.320Z"}}, {"model": "shoppy.county", "pk": 11, "fields": {"name": "ISIOLO", "number": 11, "created_at": "2019-12-05T07:16:41.431Z", "updated_at": "2019-12-05T07:16:41.431Z"}}, {"model": "shoppy.county", "pk": 12, "fields": {"name": "MERU", "number": 12, "created_at": "2019-12-05T07:16:41.530Z", "updated_at": "2019-12-05T07:16:41.530Z"}}, {"model": "shoppy.county", "pk": 13, "fields": {"name": "THARAKA-NITHI", "number": 13, "created_at": "2019-12-05T07:16:41.643Z", "updated_at": "2019-12-05T07:16:41.643Z"}}, {"model": "shoppy.county", "pk": 14, "fields": {"name": "EMBU", "number": 14, "created_at": "2019-12-05T07:16:41.731Z", "updated_at": "2019-12-05T07:16:41.731Z"}}, {"model": "shoppy.county", "pk": 15, "fields": {"name": "KITUI", "number": 15, "created_at": "2019-12-05T07:16:41.831Z", "updated_at": "2019-12-05T07:16:41.831Z"}}, {"model": "shoppy.county", "pk": 16, "fields": {"name": "MACHAKOS", "number": 16, "created_at": "2019-12-05T07:16:41.941Z", "updated_at": "2019-12-05T07:16:41.941Z"}}, {"model": "shoppy.county", "pk": 17, "fields": {"name": "MAKUENI", "number": 17, "created_at": "2019-12-05T07:16:42.042Z", "updated_at": "2019-12-05T07:16:42.042Z"}}, {"model": "shoppy.county", "pk": 18, "fields": {"name": "NYANDARUA", "number": 18, "created_at": "2019-12-05T07:16:42.134Z", "updated_at": "2019-12-05T07:16:42.134Z"}}, {"model": "shoppy.county", "pk": 19, "fields": {"name": "NYERI", "number": 19, "created_at": "2019-12-05T07:16:42.235Z", "updated_at": "2019-12-05T07:16:42.235Z"}}, {"model": "shoppy.county", "pk": 20, "fields": {"name": "KIRINYAGA", "number": 20, "created_at": "2019-12-05T07:16:42.296Z", "updated_at": "2019-12-05T07:16:42.296Z"}}, {"model": "shoppy.county", "pk": 21, "fields": {"name": "MURANG'A", "number": 21, "created_at": "2019-12-05T07:16:42.408Z", "updated_at": "2019-12-05T07:16:42.408Z"}}, {"model": "shoppy.county", "pk": 22, "fields": {"name": "KIAMBU", "number": 22, "created_at": "2019-12-05T07:16:42.486Z", "updated_at": "2019-12-05T07:16:42.486Z"}}, {"model": "shoppy.county", "pk": 23, "fields": {"name": "TURKANA", "number": 23, "created_at": "2019-12-05T07:16:42.597Z", "updated_at": "2019-12-05T07:16:42.597Z"}}, {"model": "shoppy.county", "pk": 24, "fields": {"name": "WEST POKOT", "number": 24, "created_at": "2019-12-05T07:16:42.697Z", "updated_at": "2019-12-05T07:16:42.697Z"}}, {"model": "shoppy.county", "pk": 25, "fields": {"name": "SAMBURU", "number": 25, "created_at": "2019-12-05T07:16:42.785Z", "updated_at": "2019-12-05T07:16:42.785Z"}}, {"model": "shoppy.county", "pk": 26, "fields": {"name": "TRANS NZOIA", "number": 26, "created_at": "2019-12-05T07:16:42.853Z", "updated_at": "2019-12-05T07:16:42.853Z"}}, {"model": "shoppy.county", "pk": 27, "fields": {"name": "UASIN GISHU", "number": 27, "created_at": "2019-12-05T07:16:42.942Z", "updated_at": "2019-12-05T07:16:42.942Z"}}, {"model": "shoppy.county", "pk": 28, "fields": {"name": "ELGEYO/MARAKWET", "number": 28, "created_at": "2019-12-05T07:16:43.053Z", "updated_at": "2019-12-05T07:16:43.053Z"}}, {"model": "shoppy.county", "pk": 29, "fields": {"name": "NANDI", "number": 29, "created_at": "2019-12-05T07:16:43.152Z", "updated_at": "2019-12-05T07:16:43.152Z"}}, {"model": "shoppy.county", "pk": 30, "fields": {"name": "BARINGO", "number": 30, "created_at": "2019-12-05T07:16:43.251Z", "updated_at": "2019-12-05T07:16:43.251Z"}}, {"model": "shoppy.county", "pk": 31, "fields": {"name": "LAIKIPIA", "number": 31, "created_at": "2019-12-05T07:16:43.364Z", "updated_at": "2019-12-05T07:16:43.364Z"}}, {"model": "shoppy.county", "pk": 32, "fields": {"name": "NAKURU", "number": 32, "created_at": "2019-12-05T07:16:43.464Z", "updated_at": "2019-12-05T07:16:43.464Z"}}, {"model": "shoppy.county", "pk": 33, "fields": {"name": "NAROK", "number": 33, "created_at": "2019-12-05T07:16:43.552Z", "updated_at": "2019-12-05T07:16:43.552Z"}}, {"model": "shoppy.county", "pk": 34, "fields": {"name": "KAJIADO", "number": 34, "created_at": "2019-12-05T07:16:43.646Z", "updated_at": "2019-12-05T07:16:43.646Z"}}, {"model": "shoppy.county", "pk": 35, "fields": {"name": "KERICHO", "number": 35, "created_at": "2019-12-05T07:16:43.730Z", "updated_at": "2019-12-05T07:16:43.730Z"}}, {"model": "shoppy.county", "pk": 36, "fields": {"name": "BOMET", "number": 36, "created_at": "2019-12-05T07:16:43.820Z", "updated_at": "2019-12-05T07:16:43.820Z"}}, {"model": "shoppy.county", "pk": 37, "fields": {"name": "KAKAMEGA", "number": 37, "created_at": "2019-12-05T07:16:43.931Z", "updated_at": "2019-12-05T07:16:43.931Z"}}, {"model": "shoppy.county", "pk": 38, "fields": {"name": "VIHIGA", "number": 38, "created_at": "2019-12-05T07:16:44.031Z", "updated_at": "2019-12-05T07:16:44.031Z"}}, {"model": "shoppy.county", "pk": 39, "fields": {"name": "BUNGOMA", "number": 39, "created_at": "2019-12-05T07:16:44.174Z", "updated_at": "2019-12-05T07:16:44.174Z"}}, {"model": "shoppy.county", "pk": 40, "fields": {"name": "BUSIA", "number": 40, "created_at": "2019-12-05T07:16:44.352Z", "updated_at": "2019-12-05T07:16:44.352Z"}}, {"model": "shoppy.county", "pk": 41, "fields": {"name": "SIAYA", "number": 41, "created_at": "2019-12-05T07:16:44.496Z", "updated_at": "2019-12-05T07:16:44.496Z"}}, {"model": "shoppy.county", "pk": 42, "fields": {"name": "KISUMU", "number": 42, "created_at": "2019-12-05T07:16:44.642Z", "updated_at": "2019-12-05T07:16:44.642Z"}}, {"model": "shoppy.county", "pk": 43, "fields": {"name": "HOMA BAY", "number": 43, "created_at": "2019-12-05T07:16:44.765Z", "updated_at": "2019-12-05T07:16:44.765Z"}}, {"model": "shoppy.county", "pk": 44, "fields": {"name": "MIGORI", "number": 44, "created_at": "2019-12-05T07:16:44.886Z", "updated_at": "2019-12-05T07:16:44.886Z"}}, {"model": "shoppy.county", "pk": 45, "fields": {"name": "KISII", "number": 45, "created_at": "2019-12-05T07:16:45.019Z", "updated_at": "2019-12-05T07:16:45.019Z"}}, {"model": "shoppy.county", "pk": 46, "fields": {"name": "NYAMIRA", "number": 46, "created_at": "2019-12-05T07:16:45.162Z", "updated_at": "2019-12-05T07:16:45.162Z"}}, {"model": "shoppy.county", "pk": 47, "fields": {"name": "NAIROBI", "number": 47, "created_at": "2019-12-05T07:16:45.277Z", "updated_at": "2019-12-05T07:16:45.277Z"}}, {"model": "shoppy.category", "pk": 1, "fields": {"name": "Electronics", "parent_id": null, "created_at": "2019-12-05T09:07:18.593Z", "updated_at": "2019-12-05T09:07:18.593Z"}}, {"model": "shoppy.category", "pk": 2, "fields": {"name": "Cloathing", "parent_id": null, "created_at": "2019-12-05T09:07:31.209Z", "updated_at": "2019-12-05T09:07:31.209Z"}}, {"model": "shoppy.category", "pk": 3, "fields": {"name": "footware", "parent_id": null, "created_at": "2019-12-05T09:07:57.521Z", "updated_at": "2019-12-05T09:07:57.522Z"}}, {"model": "shoppy.category", "pk": 4, "fields": {"name": "Phones & Tablets", "parent_id": null, "created_at": "2019-12-05T09:08:15.443Z", "updated_at": "2019-12-05T09:08:15.443Z"}}, {"model": "shoppy.category", "pk": 5, "fields": {"name": "kids ware", "parent_id": null, "created_at": "2019-12-05T09:08:30.256Z", "updated_at": "2019-12-05T09:08:30.257Z"}}, {"model": "shoppy.category", "pk": 6, "fields": {"name": "Funiture", "parent_id": null, "created_at": "2019-12-05T11:25:36.635Z", "updated_at": "2019-12-05T11:25:36.635Z"}}, {"model": "shoppy.category", "pk": 7, "fields": {"name": "lightings", "parent_id": null, "created_at": "2019-12-05T11:25:54.152Z", "updated_at": "2019-12-05T11:25:54.152Z"}}, {"model": "shoppy.category", "pk": 8, "fields": {"name": "Home Deco", "parent_id": null, "created_at": "2019-12-05T11:35:05.161Z", "updated_at": "2019-12-05T11:35:05.161Z"}}, {"model": "shoppy.category", "pk": 9, "fields": {"name": "Cutlery", "parent_id": null, "created_at": "2019-12-05T11:37:51.396Z", "updated_at": "2019-12-05T11:37:51.396Z"}}, {"model": "shoppy.category", "pk": 10, "fields": {"name": "lighting", "parent_id": null, "created_at": "2019-12-05T11:39:37.278Z", "updated_at": "2019-12-05T11:39:37.278Z"}}, {"model": "shoppy.category", "pk": 11, "fields": {"name": "appliances", "parent_id": null, "created_at": "2019-12-05T11:40:30.233Z", "updated_at": "2019-12-05T11:41:08.126Z"}}, {"model": "shoppy.category", "pk": 12, "fields": {"name": "fridge", "parent_id": 1, "created_at": "2019-12-05T11:43:37.441Z", "updated_at": "2019-12-05T11:43:54.138Z"}}, {"model": "shoppy.category", "pk": 13, "fields": {"name": "gucci", "parent_id": 2, "created_at": "2019-12-05T11:44:16.744Z", "updated_at": "2019-12-05T11:44:16.744Z"}}, {"model": "shoppy.brand", "pk": 1, "fields": {"name": "samsung", "created_at": "2019-12-05T09:11:42.762Z", "updated_at": "2019-12-05T09:11:42.763Z"}}, {"model": "shoppy.brand", "pk": 2, "fields": {"name": "Smaltec", "created_at": "2019-12-05T11:26:52.396Z", "updated_at": "2019-12-05T11:33:37.038Z"}}, {"model": "shoppy.brand", "pk": 3, "fields": {"name": "lg", "created_at": "2019-12-05T11:26:57.928Z", "updated_at": "2019-12-05T11:26:57.928Z"}}, {"model": "shoppy.brand", "pk": 4, "fields": {"name": "infinix", "created_at": "2019-12-05T11:28:29.163Z", "updated_at": "2019-12-05T11:28:29.163Z"}}, {"model": "shoppy.brand", "pk": 5, "fields": {"name": "Recliner", "created_at": "2019-12-05T11:33:16.030Z", "updated_at": "2019-12-05T11:33:51.820Z"}}, {"model": "shoppy.image", "pk": 1, "fields": {"product": 1, "image": "images/brinox_wok_pan_24cm_-_2.3l.jpg", "created_at": "2019-12-05T12:28:22.155Z", "updated_at": "2019-12-05T12:28:22.156Z"}}, {"model": "shoppy.image", "pk": 2, "fields": {"product": 1, "image": "images/images.jpg", "created_at": "2019-12-05T12:28:22.283Z", "updated_at": "2019-12-05T12:28:22.283Z"}}, {"model": "shoppy.image", "pk": 3, "fields": {"product": 2, "image": "images/ac0966e61b8f351b234a5d5f0a400566eeafe498.jpeg", "created_at": "2019-12-05T12:31:37.823Z", "updated_at": "2019-12-05T12:31:37.823Z"}}, {"model": "shoppy.image", "pk": 4, "fields": {"product": 3, "image": "images/ac0966e61b8f351b234a5d5f0a400566eeafe498_rTOZAoi.jpeg", "created_at": "2019-12-05T12:32:33.101Z", "updated_at": "2019-12-05T12:32:33.101Z"}}, {"model": "shoppy.image", "pk": 5, "fields": {"product": 3, "image": "images/string-lights-in-kenya.jpg", "created_at": "2019-12-05T12:32:33.190Z", "updated_at": "2019-12-05T12:32:33.190Z"}}, {"model": "shoppy.image", "pk": 6, "fields": {"product": 4, "image": "images/1_3__158.jpg", "created_at": "2019-12-05T12:33:57.547Z", "updated_at": "2019-12-05T12:33:57.547Z"}}, {"model": "shoppy.image", "pk": 7, "fields": {"product": 4, "image": "images/87df94_53ca8411da0f48a1ab3acd4a484cda19_mv2_d_2000_1875_s_2.jpg", "created_at": "2019-12-05T12:33:57.646Z", "updated_at": "2019-12-05T12:33:57.646Z"}}, {"model": "shoppy.image", "pk": 8, "fields": {"product": 4, "image": "images/product_image_d9e75ebd-4ff5-4187-aee0-daee31393b4a.jpg", "created_at": "2019-12-05T12:33:57.758Z", "updated_at": "2019-12-05T12:33:57.758Z"}}, {"model": "shoppy.image", "pk": 9, "fields": {"product": 5, "image": "images/product_image_d9e75ebd-4ff5-4187-aee0-daee31393b4a_6nRO40e.jpg", "created_at": "2019-12-05T12:34:50.962Z", "updated_at": "2019-12-05T12:34:50.962Z"}}, {"model": "shoppy.image", "pk": 10, "fields": {"product": 6, "image": "images/images_1.jpg", "created_at": "2019-12-05T12:36:41.719Z", "updated_at": "2019-12-05T12:36:41.719Z"}}, {"model": "shoppy.image", "pk": 11, "fields": {"product": 7, "image": "images/1_3__158_ALAuTth.jpg", "created_at": "2019-12-05T12:38:42.037Z", "updated_at": "2019-12-05T12:38:42.037Z"}}, {"model": "shoppy.image", "pk": 12, "fields": {"product": 7, "image": "images/87df94_53ca8411da0f48a1ab3acd4a484cda19_mv2_d_2000_1875_s_2_HE8HKEx.jpg", "created_at": "2019-12-05T12:38:42.189Z", "updated_at": "2019-12-05T12:38:42.189Z"}}, {"model": "shoppy.order_payment", "pk": 1, "fields": {"checkout": 1, "amount": 4000.0, "balance": 0.0, "payment_refrence": "qwerq2w", "created_at": "2019-12-16T11:40:58.221Z", "updated_at": "2019-12-16T11:40:58.221Z"}}, {"model": "shoppy.order_payment", "pk": 2, "fields": {"checkout": 2, "amount": 6800.0, "balance": 100.0, "payment_refrence": "eewwee", "created_at": "2019-12-20T10:48:27.131Z", "updated_at": "2019-12-20T10:48:27.131Z"}}, {"model": "shoppy.offer", "pk": 3, "fields": {"offer": "xmass offer", "product": 1, "discount": 2000.0, "start_time": "2019-12-16T00:00:00Z", "end_time": "2019-12-25T00:00:00Z", "created_at": "2019-12-16T11:24:57.692Z", "updated_at": "2019-12-16T11:24:57.692Z"}}, {"model": "shoppy.inventory", "pk": 1, "fields": {"product": 1, "quantity": 5.0, "created_at": "2019-12-05T12:28:22.032Z", "updated_at": "2019-12-05T12:28:22.032Z"}}, {"model": "shoppy.inventory", "pk": 2, "fields": {"product": 2, "quantity": 5.0, "created_at": "2019-12-05T12:31:37.712Z", "updated_at": "2019-12-05T12:31:37.712Z"}}, {"model": "shoppy.inventory", "pk": 3, "fields": {"product": 3, "quantity": 4.0, "created_at": "2019-12-05T12:32:32.931Z", "updated_at": "2019-12-05T12:32:32.931Z"}}, {"model": "shoppy.inventory", "pk": 4, "fields": {"product": 4, "quantity": 6.0, "created_at": "2019-12-05T12:33:57.441Z", "updated_at": "2019-12-05T12:33:57.441Z"}}, {"model": "shoppy.inventory", "pk": 5, "fields": {"product": 5, "quantity": 3.0, "created_at": "2019-12-05T12:34:50.847Z", "updated_at": "2019-12-05T12:34:50.847Z"}}, {"model": "shoppy.inventory", "pk": 6, "fields": {"product": 6, "quantity": 4.0, "created_at": "2019-12-05T12:36:41.600Z", "updated_at": "2019-12-05T12:36:41.600Z"}}, {"model": "shoppy.inventory", "pk": 7, "fields": {"product": 7, "quantity": 5.0, "created_at": "2019-12-05T12:38:41.904Z", "updated_at": "2019-12-05T12:38:41.904Z"}}, {"model": "auth.user", "pk": 1, "fields": {"password": "pbkdf2_sha256$150000$QXUmjJOQpMUN$zGlvdnqjagMsnAEW0NyS2JbR9+bSkSW1BPDCoOWyc7A=", "last_login": "2020-01-08T10:48:38.326Z", "is_superuser": false, "username": "mashkys", "first_name": "mashkys", "last_name": "maskys", "email": "mashkys@concept.com", "is_staff": false, "is_active": true, "date_joined": "2019-12-05T09:04:45.683Z", "groups": [], "user_permissions": []}}, {"model": "auth.user", "pk": 2, "fields": {"password": "pbkdf2_sha256$150000$Kev3SiYpdi1W$9CdpRW3KXGdrd890F5IsQ9Iy1locfvxAY3s5oNZj2pA=", "last_login": "2020-01-08T11:09:09.436Z", "is_superuser": true, "username": "w.eugene.a", "first_name": "", "last_name": "", "email": "eugene.were@yahoo.com", "is_staff": true, "is_active": true, "date_joined": "2019-12-05T09:05:59.345Z", "groups": [], "user_permissions": []}}, {"model": "auth.user", "pk": 3, "fields": {"password": "pbkdf2_sha256$150000$PzCtkQ9rB8mV$05mmSiDl2kwY2qdKMfL9eCXQQPb9JlHKECbQzl91PhQ=", "last_login": "2020-01-08T13:15:15.601Z", "is_superuser": false, "username": "eugenewere", "first_name": "eugene", "last_name": "were", "email": "", "is_staff": false, "is_active": true, "date_joined": "2019-12-06T08:48:37.043Z", "groups": [], "user_permissions": []}}, {"model": "auth.user", "pk": 4, "fields": {"password": "pbkdf2_sha256$150000$Cq59W95gWnbQ$w+tKaLG5Lm7KEiJ+PGdoAGKZQWu92xB16kOPArirHSU=", "last_login": "2019-12-09T17:38:03.864Z", "is_superuser": false, "username": "eugenewere12", "first_name": "", "last_name": "", "email": "", "is_staff": false, "is_active": true, "date_joined": "2019-12-06T10:23:04.993Z", "groups": [], "user_permissions": []}}, {"model": "auth.user", "pk": 5, "fields": {"password": "pbkdf2_sha256$150000$zM694O0lVTR8$COQGdhEbG38uxXFA1wJjEWX+hoRx5lLn0XCCyVXdidM=", "last_login": null, "is_superuser": false, "username": "eugene.were@yahoo.com", "first_name": "", "last_name": "", "email": "", "is_staff": false, "is_active": true, "date_joined": "2019-12-06T10:23:35.251Z", "groups": [], "user_permissions": []}}, {"model": "auth.user", "pk": 6, "fields": {"password": "pbkdf2_sha256$150000$22661OfKEKjO$4PMGvKlWalTwnzIpGNwBAPDWBw/JaAUFQFY2bKWy5qk=", "last_login": null, "is_superuser": false, "username": "0703030030", "first_name": "", "last_name": "", "email": "", "is_staff": false, "is_active": true, "date_joined": "2019-12-09T17:17:19.761Z", "groups": [], "user_permissions": []}}, {"model": "auth.user", "pk": 10, "fields": {"password": "pbkdf2_sha256$150000$tahkXaX2YxlD$FNy7SZ6eIRSCvbW2SShhqS7z5PU5EmCDwM+sCWLQ7Pk=", "last_login": null, "is_superuser": false, "username": "0704049300", "first_name": "", "last_name": "", "email": "", "is_staff": false, "is_active": true, "date_joined": "2019-12-09T17:27:41.112Z", "groups": [], "user_permissions": []}}, {"model": "auth.user", "pk": 11, "fields": {"password": "pbkdf2_sha256$150000$hRZ51DrYk409$Pa1IancLj3ypOcOtlf55zPjG2jeqLkZID80ixfUyEjQ=", "last_login": "2019-12-16T11:28:41.906Z", "is_superuser": false, "username": "0700020958", "first_name": "eugene", "last_name": "were", "email": "", "is_staff": false, "is_active": true, "date_joined": "2019-12-09T20:00:37.611Z", "groups": [], "user_permissions": []}}, {"model": "sessions.session", "pk": "54r8y0qgxjzig6qokatzx89xje3gch3h", "fields": {"session_data": "N2EyNTBhMzQyYWUzNmRiMzgzMTA2YzBiOTgwODAxYmVlOGIyNjRhZDp7Il9hdXRoX3VzZXJfaWQiOiIyIiwiX2F1dGhfdXNlcl9iYWNrZW5kIjoiZGphbmdvLmNvbnRyaWIuYXV0aC5iYWNrZW5kcy5Nb2RlbEJhY2tlbmQiLCJfYXV0aF91c2VyX2hhc2giOiJlMTRmOTc5N2E3YTM0OGYwOWU3MGMwYTAwNjUwM2VlMmMwZTZjYTY2Iiwic3dlZXRpZnkiOiJ7XCJzaG93Q29uZmlybUJ1dHRvblwiOiB0cnVlLCBcInRpbWVyXCI6IG51bGwsIFwiYWxsb3dPdXRzaWRlQ2xpY2tcIjogZmFsc2UsIFwiY29uZmlybUJ1dHRvblRleHRcIjogXCJSZXRyeVwiLCBcInRleHRcIjogXCJXZWxjb21lIEFkbWluXCIsIFwidHlwZVwiOiBcInN1Y2Nlc3NcIiwgXCJ0aXRsZVwiOiBcIlN1Y2Nlc3NcIn0ifQ==", "expire_date": "2019-12-20T10:23:56.900Z"}}, {"model": "sessions.session", "pk": "8g2avw30s7b5mlzj5r9dk49wfza4pmis", "fields": {"session_data": "NGUyZjA4NDc0MmMzNzFjYjI3ZmI0MzAwN2E4YzU5ZDkyZjI3ZWU4NTp7Il9hdXRoX3VzZXJfaWQiOiIyIiwiX2F1dGhfdXNlcl9iYWNrZW5kIjoiZGphbmdvLmNvbnRyaWIuYXV0aC5iYWNrZW5kcy5Nb2RlbEJhY2tlbmQiLCJfYXV0aF91c2VyX2hhc2giOiJlMTRmOTc5N2E3YTM0OGYwOWU3MGMwYTAwNjUwM2VlMmMwZTZjYTY2Iiwic3dlZXRpZnkiOiJ7XCJzaG93Q29uZmlybUJ1dHRvblwiOiB0cnVlLCBcInRpbWVyXCI6IG51bGwsIFwiYWxsb3dPdXRzaWRlQ2xpY2tcIjogZmFsc2UsIFwiY29uZmlybUJ1dHRvblRleHRcIjogXCJDb250aW51ZVwiLCBcInRleHRcIjogXCJXZWxjb21lIEFkbWluXCIsIFwidHlwZVwiOiBcInN1Y2Nlc3NcIiwgXCJ0aXRsZVwiOiBcIlN1Y2Nlc3NcIn0ifQ==", "expire_date": "2020-01-22T11:09:09.571Z"}}, {"model": "sessions.session", "pk": "k9t4gvcjr4g15lk2ijclmzdbe8v7vczl", "fields": {"session_data": "OTFkNDczNDRkY2U3YjFiZDgxN2Q3NWJiYzVmMmQ2MjQ0OGFmZWY2ZTp7Il9hdXRoX3VzZXJfaWQiOiIxIiwiX2F1dGhfdXNlcl9iYWNrZW5kIjoiZGphbmdvLmNvbnRyaWIuYXV0aC5iYWNrZW5kcy5Nb2RlbEJhY2tlbmQiLCJfYXV0aF91c2VyX2hhc2giOiJkZWE2YjEzZmE2YmNmODFhYTBmOTMzNzcwYzJjY2FhZjM1Mjk4NjQxIiwic3dlZXRpZnkiOiJ7XCJzaG93Q29uZmlybUJ1dHRvblwiOiB0cnVlLCBcInRpbWVyXCI6IG51bGwsIFwiYWxsb3dPdXRzaWRlQ2xpY2tcIjogZmFsc2UsIFwiY29uZmlybUJ1dHRvblRleHRcIjogXCJSZXRyeVwiLCBcInRleHRcIjogXCJXZWxjb21lIHRvIE1hc2hreXNcIiwgXCJ0eXBlXCI6IFwic3VjY2Vzc1wiLCBcInRpdGxlXCI6IFwiU3VjY2Vzc1wifSJ9", "expire_date": "2020-01-03T10:47:25.786Z"}}, {"model": "sessions.session", "pk": "nrsbpw1utyrtdivp0i8ijc95ouydc17q", "fields": {"session_data": "YzFmNzE3NDQ1ZjRiOTcyZDdkNzM2MmEwNTE2YzdkMDJiZTIwMWIwZTp7Il9hdXRoX3VzZXJfaWQiOiIzIiwiX2F1dGhfdXNlcl9iYWNrZW5kIjoiZGphbmdvLmNvbnRyaWIuYXV0aC5iYWNrZW5kcy5Nb2RlbEJhY2tlbmQiLCJfYXV0aF91c2VyX2hhc2giOiJlYWQ5NDQwNThmMTYwYjc4MTk1ZGUyMDZhMDhmNDdiNWFiNDI4ZWE1In0=", "expire_date": "2020-01-22T14:20:32.535Z"}}, {"model": "androidAuthApi.shortcode", "pk": 30, "fields": {"short_code": "262458", "phone_number": "0706833784", "created_at": "2019-12-18T08:11:51.489Z", "updated_at": "2019-12-18T08:11:51.489Z"}}, {"model": "sites.site", "pk": 1, "fields": {"domain": "example.com", "name": "example.com"}}, {"model": "shoppy.buyer", "pk": 3, "fields": {"phone_number": "0706833733", "groups": [], "user_permissions": []}}, {"model": "shoppy.buyer", "pk": 4, "fields": {"phone_number": "0706833776", "groups": [], "user_permissions": []}}, {"model": "shoppy.buyer", "pk": 5, "fields": {"phone_number": "0706833743", "groups": [], "user_permissions": []}}, {"model": "shoppy.buyer", "pk": 10, "fields": {"phone_number": "0704049300", "groups": [], "user_permissions": []}}, {"model": "shoppy.buyer", "pk": 11, "fields": {"phone_number": "0700020958", "groups": [], "user_permissions": []}}, {"model": "shoppy.seller", "pk": 1, "fields": {"phone_number": "0706833784", "business_no": "test19974645", "store_logo": "store_logo/condensed_colour_logo.png", "store_name": "Mashkys", "status": "VERIFIED", "country": "NAIROBI", "groups": [], "user_permissions": []}}, {"model": "shoppy.product", "pk": 1, "fields": {"name": "Porcelain cups", "unit_cost": 2500.0, "product_brand": 2, "short_description": "This is a testproduct", "long_description": "<p>This is a testproductThis is a testproductThis is a testproductThis is a testproductThis is a testproductThis is a testproductThis is a testproductThis is a testproductThis is a testproduct</p>\r\n", "featured_url": "product_images/images.jpg", "category": 9, "status": "VERIFIED", "feat_product": "FEATURED", "vat_status": "VAT", "seller": 1, "created_at": "2019-12-05T12:28:21.906Z", "updated_at": "2019-12-05T12:28:21.906Z"}}, {"model": "shoppy.product", "pk": 2, "fields": {"name": "lighting one", "unit_cost": 1200.0, "product_brand": 5, "short_description": "This is a testproduct", "long_description": "<h3><strong>Lorem Ipsum</strong>&nbsp;is simply dummy text of the printing and typesetting industry. Lorem Ipsum has been the industry&#39;s standard dummy text ever since the 1500s, when an unknown printer took a galley of type and scrambled it to make a type specimen book. It has survived not only five centuries, but also the leap into electronic typesetting, remaining essentially unchanged. It was popularised in the 1960s with the release of Letraset sheets containing Lorem Ipsum passages, and more recently with desktop publishing software like Aldus PageMaker including versions of Lorem Ipsum.</h3>\r\n", "featured_url": "product_images/string-lights-in-kenya.jpg", "category": 10, "status": "VERIFIED", "feat_product": "FEATURED", "vat_status": "NO_VAT", "seller": 1, "created_at": "2019-12-05T12:31:37.513Z", "updated_at": "2019-12-05T12:31:37.513Z"}}, {"model": "shoppy.product", "pk": 3, "fields": {"name": "lighting 2", "unit_cost": 2300.0, "product_brand": 5, "short_description": "Lorem Ipsum is simply dummy text of the printing and typesetting industry. Lorem Ipsum has been the industry's standard dummy text ever since the 1500s, when an unknown printer took a galley of type and scrambled it to make a type specimen book. It has survived not only five centuries, but also the leap into electronic typesetting, remaining essentially unchanged. It was popularised in the 1960s with the release of Letraset sheets containing Lorem Ipsum passages, and more recently with desktop publishing software like Aldus PageMaker including versions of Lorem Ipsum.", "long_description": "<p><strong>Lorem Ipsum</strong>&nbsp;is simply dummy text of the printing and typesetting industry. Lorem Ipsum has been the industry&#39;s standard dummy text ever since the 1500s, when an unknown printer took a galley of type and scrambled it to make a type specimen book. It has survived not only five centuries, but also the leap into electronic typesetting, remaining essentially unchanged. It was popularised in the 1960s with the release of Letraset sheets containing Lorem Ipsum passages, and more recently with desktop publishing software like Aldus PageMaker including versions of Lorem Ipsum.</p>\r\n", "featured_url": "product_images/ac0966e61b8f351b234a5d5f0a400566eeafe498.jpeg", "category": 10, "status": "VERIFIED", "feat_product": "FEATURED", "vat_status": "NO_VAT", "seller": 1, "created_at": "2019-12-05T12:32:32.751Z", "updated_at": "2019-12-05T12:32:32.752Z"}}, {"model": "shoppy.product", "pk": 4, "fields": {"name": "tv cabinet 1", "unit_cost": 14000.0, "product_brand": 2, "short_description": "This is a testproduct", "long_description": "<p><strong>Lorem Ipsum</strong>&nbsp;is simply dummy text of the printing and typesetting industry. Lorem Ipsum has been the industry&#39;s standard dummy text ever since the 1500s, when an unknown printer took a galley of type and scrambled it to make a type specimen book. It has survived not only five centuries, but also the leap into electronic typesetting, remaining essentially unchanged. It was popularised in the 1960s with the release of Letraset sheets containing Lorem Ipsum passages, and more recently with desktop publishing software like Aldus PageMaker including versions of Lorem Ipsum.</p>\r\n", "featured_url": "product_images/1_3__158.jpg", "category": 8, "status": "VERIFIED", "feat_product": "FEATURED", "vat_status": "VAT", "seller": 1, "created_at": "2019-12-05T12:33:57.282Z", "updated_at": "2019-12-05T12:33:57.282Z"}}, {"model": "shoppy.product", "pk": 5, "fields": {"name": "tv cabinet 2", "unit_cost": 15000.0, "product_brand": 3, "short_description": "THis is productTHis is product", "long_description": "<p><strong>Lorem Ipsum</strong>&nbsp;is simply dummy text of the printing and typesetting industry. Lorem Ipsum has been the industry&#39;s standard dummy text ever since the 1500s, when an unknown printer took a galley of type and scrambled it to make a type specimen book. It has survived not only five centuries, but also the leap into electronic typesetting, remaining essentially unchanged. It was popularised in the 1960s with the release of Letraset sheets containing Lorem Ipsum passages, and more recently with desktop publishing software like Aldus PageMaker including versions of Lorem Ipsum.</p>\r\n", "featured_url": "product_images/87df94_53ca8411da0f48a1ab3acd4a484cda19_mv2_d_2000_1875_s_2.jpg", "category": 8, "status": "VERIFIED", "feat_product": "NORMAL", "vat_status": "NO_VAT", "seller": 1, "created_at": "2019-12-05T12:34:50.611Z", "updated_at": "2019-12-05T12:34:50.611Z"}}, {"model": "shoppy.product", "pk": 6, "fields": {"name": "Baby seat", "unit_cost": 10000.0, "product_brand": 5, "short_description": "Test Product for multiple images", "long_description": "<p><strong>Lorem Ipsum</strong>&nbsp;is simply dummy text of the printing and typesetting industry. Lorem Ipsum has been the industry&#39;s standard dummy text ever since the 1500s, when an unknown printer took a galley of type and scrambled it to make a type specimen book. It has survived not only five centuries, but also the leap into electronic typesetting, remaining essentially unchanged. It was popularised in the 1960s with the release of Letraset sheets containing Lorem Ipsum passages, and more recently with desktop publishing software like Aldus PageMaker including versions of Lorem Ipsum.</p>\r\n\r\n<p>&nbsp;</p>\r\n", "featured_url": "product_images/images_1.jpg", "category": 5, "status": "VERIFIED", "feat_product": "NORMAL", "vat_status": "NO_VAT", "seller": 1, "created_at": "2019-12-05T12:36:41.372Z", "updated_at": "2019-12-05T12:36:41.372Z"}}, {"model": "shoppy.product", "pk": 7, "fields": {"name": "low table", "unit_cost": 20000.0, "product_brand": 5, "short_description": "Test Product for multiple images", "long_description": "<p><strong>Lorem Ipsum</strong>&nbsp;is simply dummy text of the printing and typesetting industry. Lorem Ipsum has been the industry&#39;s standard dummy text ever since the 1500s, when an unknown printer took a galley of type and scrambled it to make a type specimen book. It has survived not only five centuries, but also the leap into electronic typesetting, remaining essentially unchanged. It was popularised in the 1960s with the release of Letraset sheets containing Lorem Ipsum passages, and more recently with desktop publishing software like Aldus PageMaker including versions of Lorem Ipsum.</p>\r\n", "featured_url": "product_images/product_image_d9e75ebd-4ff5-4187-aee0-daee31393b4a.jpg", "category": 8, "status": "VERIFIED", "feat_product": "NORMAL", "vat_status": "VAT", "seller": 1, "created_at": "2019-12-05T12:38:41.795Z", "updated_at": "2019-12-05T12:38:41.796Z"}}, {"model": "shoppy.review", "pk": 1, "fields": {"buyer": 3, "product": 3, "comments": "its a good product\r\n\r\n\r\n", "ratings": 3, "created_at": "2020-01-08T13:25:40.280Z", "updated_at": "2020-01-08T13:25:40.280Z"}}, {"model": "shoppy.review", "pk": 2, "fields": {"buyer": 3, "product": 3, "comments": "its nice\r\n", "ratings": 3, "created_at": "2020-01-08T13:40:43.158Z", "updated_at": "2020-01-08T13:40:43.158Z"}}, {"model": "shoppy.review", "pk": 3, "fields": {"buyer": 3, "product": 3, "comments": "greate", "ratings": 0, "created_at": "2020-01-08T13:52:54.278Z", "updated_at": "2020-01-08T13:52:54.278Z"}}, {"model": "shoppy.review", "pk": 4, "fields": {"buyer": 3, "product": 3, "comments": "greate", "ratings": 0, "created_at": "2020-01-08T13:54:10.456Z", "updated_at": "2020-01-08T13:54:10.456Z"}}, {"model": "shoppy.review", "pk": 5, "fields": {"buyer": 3, "product": 3, "comments": "nicr", "ratings": 0, "created_at": "2020-01-08T13:54:38.694Z", "updated_at": "2020-01-08T13:54:38.694Z"}}, {"model": "shoppy.review", "pk": 6, "fields": {"buyer": 3, "product": 3, "comments": "supab\r\n", "ratings": 2, "created_at": "2020-01-08T13:59:03.554Z", "updated_at": "2020-01-08T13:59:03.555Z"}}, {"model": "shoppy.review", "pk": 7, "fields": {"buyer": 3, "product": 3, "comments": "supab\r\n", "ratings": 2, "created_at": "2020-01-08T14:00:30.668Z", "updated_at": "2020-01-08T14:00:30.668Z"}}, {"model": "shoppy.review", "pk": 8, "fields": {"buyer": 3, "product": 3, "comments": "supab\r\n", "ratings": 2, "created_at": "2020-01-08T14:00:43.665Z", "updated_at": "2020-01-08T14:00:43.665Z"}}, {"model": "shoppy.wishlist", "pk": 1, "fields": {"product": 3, "buyer": 3, "created_at": "2020-01-08T14:20:30.173Z", "updated_at": "2020-01-08T14:20:30.173Z"}}, {"model": "shoppy.checkout", "pk": 1, "fields": {"buyer": 11, "phonenumber": "0700020958", "total": 4000.0, "reference_code": "MLZ3A", "amount_paid": 4000.0, "shipping_cost": 0.0, "created_at": "2019-12-16T11:34:53.853Z", "updated_at": "2019-12-16T11:34:53.853Z", "status": "PAID"}}, {"model": "shoppy.checkout", "pk": 2, "fields": {"buyer": 3, "phonenumber": "0706833733", "total": 6900.0, "reference_code": "MZSP4", "amount_paid": 6800.0, "shipping_cost": 0.0, "created_at": "2019-12-20T10:46:24.792Z", "updated_at": "2019-12-20T10:46:24.792Z", "status": "PENDING"}}, {"model": "shoppy.order_product", "pk": 1, "fields": {"product": 1, "buyer": 11, "checkout": 1, "quantity": 2, "total": 4000.0, "created_at": "2019-12-16T11:33:21.142Z", "updated_at": "2019-12-16T11:33:21.142Z"}}, {"model": "shoppy.order_product", "pk": 2, "fields": {"product": 3, "buyer": 3, "checkout": 2, "quantity": 3, "total": 6900.0, "created_at": "2019-12-20T10:45:41.361Z", "updated_at": "2019-12-20T10:45:41.361Z"}}, {"model": "shoppy.carousel", "pk": 1, "fields": {"image": "couresel/download.jpg", "product": 1, "seller": 1, "description": "Black friday", "created_at": "2019-12-05T12:42:12.749Z", "updated_at": "2019-12-05T12:42:12.749Z"}}, {"model": "shoppy.variant", "pk": 1, "fields": {"seller": 1, "name": "Color", "created_at": "2019-12-20T10:41:09.916Z", "updated_at": "2019-12-20T10:41:09.916Z"}}, {"model": "shoppy.variant_option", "pk": 1, "fields": {"variant": 1, "name": "red", "seller": 1, "created_at": "2019-12-20T10:41:20.274Z", "updated_at": "2019-12-20T10:41:20.274Z"}}, {"model": "shoppy.variant_option", "pk": 2, "fields": {"variant": 1, "name": "pink", "seller": 1, "created_at": "2019-12-20T10:41:59.356Z", "updated_at": "2019-12-20T10:41:59.356Z"}}]