[{"model": "shoppy.county", "pk": 1, "fields": {"name": "MOMBASA", "number": 1, "created_at": "2019-12-05T07:16:40.123Z", "updated_at": "2019-12-05T07:16:40.124Z"}}, {"model": "shoppy.county", "pk": 2, "fields": {"name": "KWALE", "number": 2, "created_at": "2019-12-05T07:16:40.280Z", "updated_at": "2019-12-05T07:16:40.280Z"}}, {"model": "shoppy.county", "pk": 3, "fields": {"name": "KILIFI", "number": 3, "created_at": "2019-12-05T07:16:40.437Z", "updated_at": "2019-12-05T07:16:40.437Z"}}, {"model": "shoppy.county", "pk": 4, "fields": {"name": "TANA RIVER", "number": 4, "created_at": "2019-12-05T07:16:40.634Z", "updated_at": "2019-12-05T07:16:40.634Z"}}, {"model": "shoppy.county", "pk": 5, "fields": {"name": "LAMU", "number": 5, "created_at": "2019-12-05T07:16:40.753Z", "updated_at": "2019-12-05T07:16:40.753Z"}}, {"model": "shoppy.county", "pk": 6, "fields": {"name": "TAITA TAVETA", "number": 6, "created_at": "2019-12-05T07:16:40.924Z", "updated_at": "2019-12-05T07:16:40.924Z"}}, {"model": "shoppy.county", "pk": 7, "fields": {"name": "GARISSA", "number": 7, "created_at": "2019-12-05T07:16:41.020Z", "updated_at": "2019-12-05T07:16:41.020Z"}}, {"model": "shoppy.county", "pk": 8, "fields": {"name": "WAJIR", "number": 8, "created_at": "2019-12-05T07:16:41.111Z", "updated_at": "2019-12-05T07:16:41.111Z"}}, {"model": "shoppy.county", "pk": 9, "fields": {"name": "MANDERA", "number": 9, "created_at": "2019-12-05T07:16:41.208Z", "updated_at": "2019-12-05T07:16:41.208Z"}}, {"model": "shoppy.county", "pk": 10, "fields": {"name": "MARSABIT", "number": 10, "created_at": "2019-12-05T07:16:41.319Z", "updated_at": "2019-12-05T07:16:41.320Z"}}, {"model": "shoppy.county", "pk": 11, "fields": {"name": "ISIOLO", "number": 11, "created_at": "2019-12-05T07:16:41.431Z", "updated_at": "2019-12-05T07:16:41.431Z"}}, {"model": "shoppy.county", "pk": 12, "fields": {"name": "MERU", "number": 12, "created_at": "2019-12-05T07:16:41.530Z", "updated_at": "2019-12-05T07:16:41.530Z"}}, {"model": "shoppy.county", "pk": 13, "fields": {"name": "THARAKA-NITHI", "number": 13, "created_at": "2019-12-05T07:16:41.643Z", "updated_at": "2019-12-05T07:16:41.643Z"}}, {"model": "shoppy.county", "pk": 14, "fields": {"name": "EMBU", "number": 14, "created_at": "2019-12-05T07:16:41.731Z", "updated_at": "2019-12-05T07:16:41.731Z"}}, {"model": "shoppy.county", "pk": 15, "fields": {"name": "KITUI", "number": 15, "created_at": "2019-12-05T07:16:41.831Z", "updated_at": "2019-12-05T07:16:41.831Z"}}, {"model": "shoppy.county", "pk": 16, "fields": {"name": "MACHAKOS", "number": 16, "created_at": "2019-12-05T07:16:41.941Z", "updated_at": "2019-12-05T07:16:41.941Z"}}, {"model": "shoppy.county", "pk": 17, "fields": {"name": "MAKUENI", "number": 17, "created_at": "2019-12-05T07:16:42.042Z", "updated_at": "2019-12-05T07:16:42.042Z"}}, {"model": "shoppy.county", "pk": 18, "fields": {"name": "NYANDARUA", "number": 18, "created_at": "2019-12-05T07:16:42.134Z", "updated_at": "2019-12-05T07:16:42.134Z"}}, {"model": "shoppy.county", "pk": 19, "fields": {"name": "NYERI", "number": 19, "created_at": "2019-12-05T07:16:42.235Z", "updated_at": "2019-12-05T07:16:42.235Z"}}, {"model": "shoppy.county", "pk": 20, "fields": {"name": "KIRINYAGA", "number": 20, "created_at": "2019-12-05T07:16:42.296Z", "updated_at": "2019-12-05T07:16:42.296Z"}}, {"model": "shoppy.county", "pk": 21, "fields": {"name": "MURANG'A", "number": 21, "created_at": "2019-12-05T07:16:42.408Z", "updated_at": "2019-12-05T07:16:42.408Z"}}, {"model": "shoppy.county", "pk": 22, "fields": {"name": "KIAMBU", "number": 22, "created_at": "2019-12-05T07:16:42.486Z", "updated_at": "2019-12-05T07:16:42.486Z"}}, {"model": "shoppy.county", "pk": 23, "fields": {"name": "TURKANA", "number": 23, "created_at": "2019-12-05T07:16:42.597Z", "updated_at": "2019-12-05T07:16:42.597Z"}}, {"model": "shoppy.county", "pk": 24, "fields": {"name": "WEST POKOT", "number": 24, "created_at": "2019-12-05T07:16:42.697Z", "updated_at": "2019-12-05T07:16:42.697Z"}}, {"model": "shoppy.county", "pk": 25, "fields": {"name": "SAMBURU", "number": 25, "created_at": "2019-12-05T07:16:42.785Z", "updated_at": "2019-12-05T07:16:42.785Z"}}, {"model": "shoppy.county", "pk": 26, "fields": {"name": "TRANS NZOIA", "number": 26, "created_at": "2019-12-05T07:16:42.853Z", "updated_at": "2019-12-05T07:16:42.853Z"}}, {"model": "shoppy.county", "pk": 27, "fields": {"name": "UASIN GISHU", "number": 27, "created_at": "2019-12-05T07:16:42.942Z", "updated_at": "2019-12-05T07:16:42.942Z"}}, {"model": "shoppy.county", "pk": 28, "fields": {"name": "ELGEYO/MARAKWET", "number": 28, "created_at": "2019-12-05T07:16:43.053Z", "updated_at": "2019-12-05T07:16:43.053Z"}}, {"model": "shoppy.county", "pk": 29, "fields": {"name": "NANDI", "number": 29, "created_at": "2019-12-05T07:16:43.152Z", "updated_at": "2019-12-05T07:16:43.152Z"}}, {"model": "shoppy.county", "pk": 30, "fields": {"name": "BARINGO", "number": 30, "created_at": "2019-12-05T07:16:43.251Z", "updated_at": "2019-12-05T07:16:43.251Z"}}, {"model": "shoppy.county", "pk": 31, "fields": {"name": "LAIKIPIA", "number": 31, "created_at": "2019-12-05T07:16:43.364Z", "updated_at": "2019-12-05T07:16:43.364Z"}}, {"model": "shoppy.county", "pk": 32, "fields": {"name": "NAKURU", "number": 32, "created_at": "2019-12-05T07:16:43.464Z", "updated_at": "2019-12-05T07:16:43.464Z"}}, {"model": "shoppy.county", "pk": 33, "fields": {"name": "NAROK", "number": 33, "created_at": "2019-12-05T07:16:43.552Z", "updated_at": "2019-12-05T07:16:43.552Z"}}, {"model": "shoppy.county", "pk": 34, "fields": {"name": "KAJIADO", "number": 34, "created_at": "2019-12-05T07:16:43.646Z", "updated_at": "2019-12-05T07:16:43.646Z"}}, {"model": "shoppy.county", "pk": 35, "fields": {"name": "KERICHO", "number": 35, "created_at": "2019-12-05T07:16:43.730Z", "updated_at": "2019-12-05T07:16:43.730Z"}}, {"model": "shoppy.county", "pk": 36, "fields": {"name": "BOMET", "number": 36, "created_at": "2019-12-05T07:16:43.820Z", "updated_at": "2019-12-05T07:16:43.820Z"}}, {"model": "shoppy.county", "pk": 37, "fields": {"name": "KAKAMEGA", "number": 37, "created_at": "2019-12-05T07:16:43.931Z", "updated_at": "2019-12-05T07:16:43.931Z"}}, {"model": "shoppy.county", "pk": 38, "fields": {"name": "VIHIGA", "number": 38, "created_at": "2019-12-05T07:16:44.031Z", "updated_at": "2019-12-05T07:16:44.031Z"}}, {"model": "shoppy.county", "pk": 39, "fields": {"name": "BUNGOMA", "number": 39, "created_at": "2019-12-05T07:16:44.174Z", "updated_at": "2019-12-05T07:16:44.174Z"}}, {"model": "shoppy.county", "pk": 40, "fields": {"name": "BUSIA", "number": 40, "created_at": "2019-12-05T07:16:44.352Z", "updated_at": "2019-12-05T07:16:44.352Z"}}, {"model": "shoppy.county", "pk": 41, "fields": {"name": "SIAYA", "number": 41, "created_at": "2019-12-05T07:16:44.496Z", "updated_at": "2019-12-05T07:16:44.496Z"}}, {"model": "shoppy.county", "pk": 42, "fields": {"name": "KISUMU", "number": 42, "created_at": "2019-12-05T07:16:44.642Z", "updated_at": "2019-12-05T07:16:44.642Z"}}, {"model": "shoppy.county", "pk": 43, "fields": {"name": "HOMA BAY", "number": 43, "created_at": "2019-12-05T07:16:44.765Z", "updated_at": "2019-12-05T07:16:44.765Z"}}, {"model": "shoppy.county", "pk": 44, "fields": {"name": "MIGORI", "number": 44, "created_at": "2019-12-05T07:16:44.886Z", "updated_at": "2019-12-05T07:16:44.886Z"}}, {"model": "shoppy.county", "pk": 45, "fields": {"name": "KISII", "number": 45, "created_at": "2019-12-05T07:16:45.019Z", "updated_at": "2019-12-05T07:16:45.019Z"}}, {"model": "shoppy.county", "pk": 46, "fields": {"name": "NYAMIRA", "number": 46, "created_at": "2019-12-05T07:16:45.162Z", "updated_at": "2019-12-05T07:16:45.162Z"}}, {"model": "shoppy.county", "pk": 47, "fields": {"name": "NAIROBI", "number": 47, "created_at": "2019-12-05T07:16:45.277Z", "updated_at": "2019-12-05T07:16:45.277Z"}}, {"model": "shoppy.category", "pk": 14, "fields": {"name": "Groccery", "parent_id": null, "created_at": "2020-01-19T21:22:46.820Z", "updated_at": "2020-01-19T21:22:46.820Z"}}, {"model": "shoppy.category", "pk": 15, "fields": {"name": "Vegetables", "parent_id": 14, "created_at": "2020-01-19T21:25:57.303Z", "updated_at": "2020-01-19T21:28:02.371Z"}}, {"model": "shoppy.category", "pk": 17, "fields": {"name": "Dairy Foods", "parent_id": null, "created_at": "2020-01-19T21:29:42.967Z", "updated_at": "2020-01-19T21:29:42.967Z"}}, {"model": "shoppy.category", "pk": 18, "fields": {"name": "Grains, Beans and Nuts", "parent_id": null, "created_at": "2020-01-19T21:30:11.989Z", "updated_at": "2020-01-19T21:30:11.989Z"}}, {"model": "shoppy.category", "pk": 19, "fields": {"name": "Fruits", "parent_id": null, "created_at": "2020-01-19T21:34:27.530Z", "updated_at": "2020-01-19T21:34:27.530Z"}}, {"model": "shoppy.category", "pk": 20, "fields": {"name": "Poultry Foods", "parent_id": null, "created_at": "2020-01-19T21:35:34.226Z", "updated_at": "2020-01-19T21:35:34.226Z"}}, {"model": "shoppy.category", "pk": 21, "fields": {"name": "Oils", "parent_id": null, "created_at": "2020-01-19T21:37:17.574Z", "updated_at": "2020-01-19T21:37:17.574Z"}}, {"model": "shoppy.category", "pk": 22, "fields": {"name": "Breads", "parent_id": null, "created_at": "2020-01-19T21:42:36.524Z", "updated_at": "2020-01-19T21:42:36.524Z"}}, {"model": "shoppy.brand", "pk": 6, "fields": {"name": "Sukuma Wiki", "created_at": "2020-01-19T21:45:37.025Z", "updated_at": "2020-01-19T21:45:37.025Z"}}, {"model": "shoppy.brand", "pk": 7, "fields": {"name": "Cabbage", "created_at": "2020-01-19T21:45:47.098Z", "updated_at": "2020-01-19T21:45:47.098Z"}}, {"model": "shoppy.brand", "pk": 8, "fields": {"name": "Broccoli", "created_at": "2020-01-19T21:45:54.573Z", "updated_at": "2020-01-19T21:45:54.573Z"}}, {"model": "shoppy.brand", "pk": 9, "fields": {"name": "Onions", "created_at": "2020-01-19T21:46:06.807Z", "updated_at": "2020-01-19T21:46:06.807Z"}}, {"model": "shoppy.brand", "pk": 10, "fields": {"name": "Tomatos", "created_at": "2020-01-19T21:46:19.272Z", "updated_at": "2020-01-19T21:46:19.272Z"}}, {"model": "shoppy.brand", "pk": 11, "fields": {"name": "Spinach", "created_at": "2020-01-19T21:46:28.111Z", "updated_at": "2020-01-19T21:46:28.111Z"}}, {"model": "shoppy.image", "pk": 13, "fields": {"product": 8, "image": "images/Kales.jpg", "created_at": "2020-01-19T21:57:35.530Z", "updated_at": "2020-01-19T21:57:35.530Z"}}, {"model": "shoppy.image", "pk": 14, "fields": {"product": 9, "image": "images/images_6VeM6JH.jpg", "created_at": "2020-01-19T22:01:00.833Z", "updated_at": "2020-01-19T22:01:00.833Z"}}, {"model": "shoppy.image", "pk": 15, "fields": {"product": 10, "image": "images/cabbage.jpg", "created_at": "2020-01-19T22:04:48.479Z", "updated_at": "2020-01-19T22:04:48.479Z"}}, {"model": "shoppy.image", "pk": 16, "fields": {"product": 10, "image": "images/cabbages.jpg", "created_at": "2020-01-19T22:04:48.714Z", "updated_at": "2020-01-19T22:04:48.714Z"}}, {"model": "shoppy.image", "pk": 17, "fields": {"product": 11, "image": "images/cabbage_cb1IKjM.jpg", "created_at": "2020-01-19T22:06:16.425Z", "updated_at": "2020-01-19T22:06:16.425Z"}}, {"model": "shoppy.image", "pk": 18, "fields": {"product": 11, "image": "images/cabbages_nVrh6BD.jpg", "created_at": "2020-01-19T22:06:16.566Z", "updated_at": "2020-01-19T22:06:16.566Z"}}, {"model": "shoppy.image", "pk": 19, "fields": {"product": 13, "image": "images/17-178506_broccoli-clip-art.png", "created_at": "2020-01-19T22:09:44.154Z", "updated_at": "2020-01-19T22:09:44.154Z"}}, {"model": "shoppy.image", "pk": 20, "fields": {"product": 13, "image": "images/broccoli1.jpg", "created_at": "2020-01-19T22:09:44.266Z", "updated_at": "2020-01-19T22:09:44.266Z"}}, {"model": "shoppy.image", "pk": 21, "fields": {"product": 13, "image": "images/broccoli2.jpg", "created_at": "2020-01-19T22:09:44.420Z", "updated_at": "2020-01-19T22:09:44.420Z"}}, {"model": "shoppy.image", "pk": 22, "fields": {"product": 13, "image": "images/broccoli-clipart-dark-5.jpg", "created_at": "2020-01-19T22:09:44.558Z", "updated_at": "2020-01-19T22:09:44.558Z"}}, {"model": "shoppy.image", "pk": 23, "fields": {"product": 14, "image": "images/tommato.jpg", "created_at": "2020-01-19T22:11:44.106Z", "updated_at": "2020-01-19T22:11:44.106Z"}}, {"model": "shoppy.image", "pk": 24, "fields": {"product": 14, "image": "images/tommato2.jpeg", "created_at": "2020-01-19T22:11:44.220Z", "updated_at": "2020-01-19T22:11:44.220Z"}}, {"model": "shoppy.image", "pk": 25, "fields": {"product": 15, "image": "images/tomato-153272_640.png", "created_at": "2020-01-19T22:17:02.921Z", "updated_at": "2020-01-19T22:17:02.921Z"}}, {"model": "shoppy.image", "pk": 26, "fields": {"product": 15, "image": "images/tommato_ADqArn7.jpg", "created_at": "2020-01-19T22:17:03.041Z", "updated_at": "2020-01-19T22:17:03.041Z"}}, {"model": "shoppy.image", "pk": 27, "fields": {"product": 16, "image": "images/tommato_062YdBk.jpg", "created_at": "2020-01-19T22:19:11.576Z", "updated_at": "2020-01-19T22:19:11.576Z"}}, {"model": "shoppy.image", "pk": 28, "fields": {"product": 17, "image": "images/onions1.jpg", "created_at": "2020-01-19T22:20:42.304Z", "updated_at": "2020-01-19T22:20:42.304Z"}}, {"model": "shoppy.image", "pk": 29, "fields": {"product": 18, "image": "images/onions2.jpg", "created_at": "2020-01-19T22:22:32.511Z", "updated_at": "2020-01-19T22:22:32.511Z"}}, {"model": "shoppy.image", "pk": 30, "fields": {"product": 19, "image": "images/spinach.jpg", "created_at": "2020-01-19T22:26:52.249Z", "updated_at": "2020-01-19T22:26:52.249Z"}}, {"model": "shoppy.image", "pk": 31, "fields": {"product": 20, "image": "images/spinach_S4TQPoM.jpg", "created_at": "2020-01-19T22:28:48.365Z", "updated_at": "2020-01-19T22:28:48.365Z"}}, {"model": "shoppy.offer", "pk": 4, "fields": {"offer": "Black friday", "product": 18, "discount": 50.0, "start_time": "2020-01-20T00:00:00Z", "end_time": "2020-01-31T00:00:00Z", "created_at": "2020-01-19T22:44:08.218Z", "updated_at": "2020-01-19T22:44:08.218Z"}}, {"model": "shoppy.offer", "pk": 5, "fields": {"offer": "Black friday", "product": 10, "discount": 40.0, "start_time": "2020-01-20T00:00:00Z", "end_time": "2020-02-20T00:00:00Z", "created_at": "2020-01-19T22:45:06.151Z", "updated_at": "2020-01-19T22:45:06.151Z"}}, {"model": "shoppy.offer", "pk": 6, "fields": {"offer": "Black friday", "product": 14, "discount": 60.0, "start_time": "2020-01-20T00:00:00Z", "end_time": "2020-02-21T00:00:00Z", "created_at": "2020-01-19T22:45:29.079Z", "updated_at": "2020-01-19T22:45:29.079Z"}}, {"model": "shoppy.offer", "pk": 7, "fields": {"offer": "Black friday", "product": 19, "discount": 22.0, "start_time": "2020-01-20T00:00:00Z", "end_time": "2020-02-26T00:00:00Z", "created_at": "2020-01-19T22:45:56.773Z", "updated_at": "2020-01-19T22:45:56.773Z"}}, {"model": "shoppy.offer", "pk": 8, "fields": {"offer": "Black friday", "product": 13, "discount": 9.0, "start_time": "2020-01-20T00:00:00Z", "end_time": "2020-02-21T00:00:00Z", "created_at": "2020-01-19T22:46:30.134Z", "updated_at": "2020-01-19T22:46:30.134Z"}}, {"model": "shoppy.offer", "pk": 9, "fields": {"offer": "Black friday", "product": 8, "discount": 20.0, "start_time": "2020-01-20T00:00:00Z", "end_time": "2020-02-28T00:00:00Z", "created_at": "2020-01-19T22:47:18.462Z", "updated_at": "2020-01-19T22:47:18.462Z"}}, {"model": "shoppy.inventory", "pk": 8, "fields": {"product": 8, "quantity": 20, "created_at": "2020-01-19T21:57:35.368Z", "updated_at": "2020-01-19T21:57:35.368Z"}}, {"model": "shoppy.inventory", "pk": 9, "fields": {"product": 9, "quantity": 16, "created_at": "2020-01-19T22:01:00.703Z", "updated_at": "2020-01-19T22:01:00.703Z"}}, {"model": "shoppy.inventory", "pk": 10, "fields": {"product": 10, "quantity": 11, "created_at": "2020-01-19T22:04:48.323Z", "updated_at": "2020-01-19T22:04:48.323Z"}}, {"model": "shoppy.inventory", "pk": 11, "fields": {"product": 11, "quantity": 10, "created_at": "2020-01-19T22:06:16.262Z", "updated_at": "2020-01-19T22:06:16.262Z"}}, {"model": "shoppy.inventory", "pk": 12, "fields": {"product": 12, "quantity": 8, "created_at": "2020-01-19T22:08:00.323Z", "updated_at": "2020-01-19T22:08:00.323Z"}}, {"model": "shoppy.inventory", "pk": 13, "fields": {"product": 13, "quantity": 3, "created_at": "2020-01-19T22:09:44.002Z", "updated_at": "2020-01-19T22:09:44.002Z"}}, {"model": "shoppy.inventory", "pk": 14, "fields": {"product": 14, "quantity": 3, "created_at": "2020-01-19T22:11:43.942Z", "updated_at": "2020-01-19T22:11:43.942Z"}}, {"model": "shoppy.inventory", "pk": 15, "fields": {"product": 15, "quantity": 5, "created_at": "2020-01-19T22:17:02.785Z", "updated_at": "2020-01-19T22:17:02.785Z"}}, {"model": "shoppy.inventory", "pk": 16, "fields": {"product": 16, "quantity": 97, "created_at": "2020-01-19T22:19:11.454Z", "updated_at": "2020-01-19T22:19:11.454Z"}}, {"model": "shoppy.inventory", "pk": 17, "fields": {"product": 17, "quantity": 88, "created_at": "2020-01-19T22:20:42.187Z", "updated_at": "2020-01-19T22:20:42.187Z"}}, {"model": "shoppy.inventory", "pk": 18, "fields": {"product": 18, "quantity": 198, "created_at": "2020-01-19T22:22:32.387Z", "updated_at": "2020-01-19T22:22:32.387Z"}}, {"model": "shoppy.inventory", "pk": 19, "fields": {"product": 19, "quantity": 99, "created_at": "2020-01-19T22:26:52.098Z", "updated_at": "2020-01-19T22:26:52.098Z"}}, {"model": "shoppy.inventory", "pk": 20, "fields": {"product": 20, "quantity": 9, "created_at": "2020-01-19T22:28:48.202Z", "updated_at": "2020-01-19T22:28:48.202Z"}}, {"model": "auth.user", "pk": 1, "fields": {"password": "pbkdf2_sha256$150000$QXUmjJOQpMUN$zGlvdnqjagMsnAEW0NyS2JbR9+bSkSW1BPDCoOWyc7A=", "last_login": "2020-01-16T13:06:41.050Z", "is_superuser": false, "username": "eugeneseller", "first_name": "mashkys", "last_name": "maskys", "email": "eugeneseller@yahoo.com", "is_staff": false, "is_active": true, "date_joined": "2019-12-05T09:04:45.683Z", "groups": [], "user_permissions": []}}, {"model": "auth.user", "pk": 2, "fields": {"password": "pbkdf2_sha256$150000$Kev3SiYpdi1W$9CdpRW3KXGdrd890F5IsQ9Iy1locfvxAY3s5oNZj2pA=", "last_login": "2020-03-21T20:20:14.606Z", "is_superuser": true, "username": "eugeneadmin", "first_name": "", "last_name": "", "email": "eugeneadmin@yahoo.com", "is_staff": true, "is_active": true, "date_joined": "2019-12-05T09:05:59.345Z", "groups": [], "user_permissions": []}}, {"model": "auth.user", "pk": 3, "fields": {"password": "pbkdf2_sha256$150000$PzCtkQ9rB8mV$05mmSiDl2kwY2qdKMfL9eCXQQPb9JlHKECbQzl91PhQ=", "last_login": "2020-01-11T14:19:34.857Z", "is_superuser": false, "username": "eugenewere", "first_name": "eugene", "last_name": "were", "email": "", "is_staff": false, "is_active": true, "date_joined": "2019-12-06T08:48:37.043Z", "groups": [], "user_permissions": []}}, {"model": "auth.user", "pk": 4, "fields": {"password": "pbkdf2_sha256$150000$Cq59W95gWnbQ$w+tKaLG5Lm7KEiJ+PGdoAGKZQWu92xB16kOPArirHSU=", "last_login": "2019-12-09T17:38:03.864Z", "is_superuser": false, "username": "eugenewere12", "first_name": "", "last_name": "", "email": "", "is_staff": false, "is_active": true, "date_joined": "2019-12-06T10:23:04.993Z", "groups": [], "user_permissions": []}}, {"model": "auth.user", "pk": 5, "fields": {"password": "pbkdf2_sha256$150000$zM694O0lVTR8$COQGdhEbG38uxXFA1wJjEWX+hoRx5lLn0XCCyVXdidM=", "last_login": null, "is_superuser": false, "username": "eugene.were@yahoo.com", "first_name": "", "last_name": "", "email": "", "is_staff": false, "is_active": true, "date_joined": "2019-12-06T10:23:35.251Z", "groups": [], "user_permissions": []}}, {"model": "auth.user", "pk": 6, "fields": {"password": "pbkdf2_sha256$150000$22661OfKEKjO$4PMGvKlWalTwnzIpGNwBAPDWBw/JaAUFQFY2bKWy5qk=", "last_login": null, "is_superuser": false, "username": "0703030030", "first_name": "", "last_name": "", "email": "", "is_staff": false, "is_active": true, "date_joined": "2019-12-09T17:17:19.761Z", "groups": [], "user_permissions": []}}, {"model": "auth.user", "pk": 10, "fields": {"password": "pbkdf2_sha256$150000$tahkXaX2YxlD$FNy7SZ6eIRSCvbW2SShhqS7z5PU5EmCDwM+sCWLQ7Pk=", "last_login": null, "is_superuser": false, "username": "0704049300", "first_name": "", "last_name": "", "email": "", "is_staff": false, "is_active": true, "date_joined": "2019-12-09T17:27:41.112Z", "groups": [], "user_permissions": []}}, {"model": "auth.user", "pk": 12, "fields": {"password": "pbkdf2_sha256$150000$hwtWBWqpDWhE$MVtd/d+RdhtQidm8HxOYDr50YQkeTB33zvwNBqBNfEc=", "last_login": "2020-03-21T20:14:59.372Z", "is_superuser": false, "username": "jikonifyjikonify", "first_name": "Eugene", "last_name": "Were", "email": "jikonify@yahoo.com", "is_staff": false, "is_active": true, "date_joined": "2020-01-19T21:16:42.952Z", "groups": [], "user_permissions": []}}, {"model": "auth.user", "pk": 13, "fields": {"password": "pbkdf2_sha256$150000$eakbz5FePfww$vt+8pnzwZj44xcPbY0b4g06sya6xSu9REjGFFsdFVvo=", "last_login": "2020-03-26T11:10:08.392Z", "is_superuser": false, "username": "0700020958", "first_name": "Eugene", "last_name": "Were", "email": "", "is_staff": false, "is_active": true, "date_joined": "2020-01-21T11:07:02.057Z", "groups": [], "user_permissions": []}}, {"model": "auth.user", "pk": 14, "fields": {"password": "pbkdf2_sha256$150000$D5uW2guscHv6$AJNMSG/741vO3Z2bIqw6scno2PACmaoTWx9l81FyDbI=", "last_login": null, "is_superuser": false, "username": "0706833784", "first_name": "Eugene", "last_name": "Were", "email": "", "is_staff": false, "is_active": true, "date_joined": "2020-01-28T11:07:24.447Z", "groups": [], "user_permissions": []}}, {"model": "sessions.session", "pk": "2jqu4ae9z9kja0tnasxcv1du3t1s06th", "fields": {"session_data": "NGUyZjA4NDc0MmMzNzFjYjI3ZmI0MzAwN2E4YzU5ZDkyZjI3ZWU4NTp7Il9hdXRoX3VzZXJfaWQiOiIyIiwiX2F1dGhfdXNlcl9iYWNrZW5kIjoiZGphbmdvLmNvbnRyaWIuYXV0aC5iYWNrZW5kcy5Nb2RlbEJhY2tlbmQiLCJfYXV0aF91c2VyX2hhc2giOiJlMTRmOTc5N2E3YTM0OGYwOWU3MGMwYTAwNjUwM2VlMmMwZTZjYTY2Iiwic3dlZXRpZnkiOiJ7XCJzaG93Q29uZmlybUJ1dHRvblwiOiB0cnVlLCBcInRpbWVyXCI6IG51bGwsIFwiYWxsb3dPdXRzaWRlQ2xpY2tcIjogZmFsc2UsIFwiY29uZmlybUJ1dHRvblRleHRcIjogXCJDb250aW51ZVwiLCBcInRleHRcIjogXCJXZWxjb21lIEFkbWluXCIsIFwidHlwZVwiOiBcInN1Y2Nlc3NcIiwgXCJ0aXRsZVwiOiBcIlN1Y2Nlc3NcIn0ifQ==", "expire_date": "2020-01-30T19:02:10.945Z"}}, {"model": "sessions.session", "pk": "4zyvqjy3ypm08324gub3oq1d0dov4jck", "fields": {"session_data": "MTlkYTNiODZmMzNiMTNmMzc2Nzk5MTJjMjQ2Mzk5YzUzYmE1ZjVjYTp7Il9hdXRoX3VzZXJfaWQiOiIxIiwiX2F1dGhfdXNlcl9iYWNrZW5kIjoiZGphbmdvLmNvbnRyaWIuYXV0aC5iYWNrZW5kcy5Nb2RlbEJhY2tlbmQiLCJfYXV0aF91c2VyX2hhc2giOiJkZWE2YjEzZmE2YmNmODFhYTBmOTMzNzcwYzJjY2FhZjM1Mjk4NjQxIiwic3dlZXRpZnkiOiJ7XCJzaG93Q29uZmlybUJ1dHRvblwiOiB0cnVlLCBcInRpbWVyXCI6IG51bGwsIFwiYWxsb3dPdXRzaWRlQ2xpY2tcIjogZmFsc2UsIFwiY29uZmlybUJ1dHRvblRleHRcIjogXCJDb250aW51ZVwiLCBcInRleHRcIjogXCJXZWxjb21lIHRvIE1hc2hreXNcIiwgXCJ0eXBlXCI6IFwic3VjY2Vzc1wiLCBcInRpdGxlXCI6IFwiU3VjY2Vzc1wifSJ9", "expire_date": "2020-01-26T15:32:20.911Z"}}, {"model": "sessions.session", "pk": "54r8y0qgxjzig6qokatzx89xje3gch3h", "fields": {"session_data": "N2EyNTBhMzQyYWUzNmRiMzgzMTA2YzBiOTgwODAxYmVlOGIyNjRhZDp7Il9hdXRoX3VzZXJfaWQiOiIyIiwiX2F1dGhfdXNlcl9iYWNrZW5kIjoiZGphbmdvLmNvbnRyaWIuYXV0aC5iYWNrZW5kcy5Nb2RlbEJhY2tlbmQiLCJfYXV0aF91c2VyX2hhc2giOiJlMTRmOTc5N2E3YTM0OGYwOWU3MGMwYTAwNjUwM2VlMmMwZTZjYTY2Iiwic3dlZXRpZnkiOiJ7XCJzaG93Q29uZmlybUJ1dHRvblwiOiB0cnVlLCBcInRpbWVyXCI6IG51bGwsIFwiYWxsb3dPdXRzaWRlQ2xpY2tcIjogZmFsc2UsIFwiY29uZmlybUJ1dHRvblRleHRcIjogXCJSZXRyeVwiLCBcInRleHRcIjogXCJXZWxjb21lIEFkbWluXCIsIFwidHlwZVwiOiBcInN1Y2Nlc3NcIiwgXCJ0aXRsZVwiOiBcIlN1Y2Nlc3NcIn0ifQ==", "expire_date": "2019-12-20T10:23:56.900Z"}}, {"model": "sessions.session", "pk": "6gxiozjjcp27b6e2afuymp1i828og41c", "fields": {"session_data": "MTRmYzE2ZTMzMGU1YzFmMzA1ZTY1NGZiOTU2M2MwYWYxNTZiZWRhYjp7Il9hdXRoX3VzZXJfaWQiOiIxMiIsIl9hdXRoX3VzZXJfYmFja2VuZCI6ImRqYW5nby5jb250cmliLmF1dGguYmFja2VuZHMuTW9kZWxCYWNrZW5kIiwiX2F1dGhfdXNlcl9oYXNoIjoiNDMxMWIwZWQ0MDYyNTAxYmU4M2IyNDAwZmZmMDVhODY0MGE2Y2QyNSIsInN3ZWV0aWZ5Ijoie1wic2hvd0NvbmZpcm1CdXR0b25cIjogdHJ1ZSwgXCJ0aW1lclwiOiBudWxsLCBcImFsbG93T3V0c2lkZUNsaWNrXCI6IGZhbHNlLCBcImNvbmZpcm1CdXR0b25UZXh0XCI6IFwiUmV0cnlcIiwgXCJ0ZXh0XCI6IFwiV2VsY29tZSB0byBNYXNoa3lzXCIsIFwidHlwZVwiOiBcInN1Y2Nlc3NcIiwgXCJ0aXRsZVwiOiBcIlN1Y2Nlc3NcIn0ifQ==", "expire_date": "2020-03-18T07:51:27.122Z"}}, {"model": "sessions.session", "pk": "8g2avw30s7b5mlzj5r9dk49wfza4pmis", "fields": {"session_data": "NGUyZjA4NDc0MmMzNzFjYjI3ZmI0MzAwN2E4YzU5ZDkyZjI3ZWU4NTp7Il9hdXRoX3VzZXJfaWQiOiIyIiwiX2F1dGhfdXNlcl9iYWNrZW5kIjoiZGphbmdvLmNvbnRyaWIuYXV0aC5iYWNrZW5kcy5Nb2RlbEJhY2tlbmQiLCJfYXV0aF91c2VyX2hhc2giOiJlMTRmOTc5N2E3YTM0OGYwOWU3MGMwYTAwNjUwM2VlMmMwZTZjYTY2Iiwic3dlZXRpZnkiOiJ7XCJzaG93Q29uZmlybUJ1dHRvblwiOiB0cnVlLCBcInRpbWVyXCI6IG51bGwsIFwiYWxsb3dPdXRzaWRlQ2xpY2tcIjogZmFsc2UsIFwiY29uZmlybUJ1dHRvblRleHRcIjogXCJDb250aW51ZVwiLCBcInRleHRcIjogXCJXZWxjb21lIEFkbWluXCIsIFwidHlwZVwiOiBcInN1Y2Nlc3NcIiwgXCJ0aXRsZVwiOiBcIlN1Y2Nlc3NcIn0ifQ==", "expire_date": "2020-01-22T11:09:09.571Z"}}, {"model": "sessions.session", "pk": "d33aoudw6ppe19osod5bssw4513ln3so", "fields": {"session_data": "MTRmYzE2ZTMzMGU1YzFmMzA1ZTY1NGZiOTU2M2MwYWYxNTZiZWRhYjp7Il9hdXRoX3VzZXJfaWQiOiIxMiIsIl9hdXRoX3VzZXJfYmFja2VuZCI6ImRqYW5nby5jb250cmliLmF1dGguYmFja2VuZHMuTW9kZWxCYWNrZW5kIiwiX2F1dGhfdXNlcl9oYXNoIjoiNDMxMWIwZWQ0MDYyNTAxYmU4M2IyNDAwZmZmMDVhODY0MGE2Y2QyNSIsInN3ZWV0aWZ5Ijoie1wic2hvd0NvbmZpcm1CdXR0b25cIjogdHJ1ZSwgXCJ0aW1lclwiOiBudWxsLCBcImFsbG93T3V0c2lkZUNsaWNrXCI6IGZhbHNlLCBcImNvbmZpcm1CdXR0b25UZXh0XCI6IFwiUmV0cnlcIiwgXCJ0ZXh0XCI6IFwiV2VsY29tZSB0byBNYXNoa3lzXCIsIFwidHlwZVwiOiBcInN1Y2Nlc3NcIiwgXCJ0aXRsZVwiOiBcIlN1Y2Nlc3NcIn0ifQ==", "expire_date": "2020-03-10T08:50:04.693Z"}}, {"model": "sessions.session", "pk": "dgw9x047aw47q1zpltkf1knk43jpk52l", "fields": {"session_data": "NGUyZjA4NDc0MmMzNzFjYjI3ZmI0MzAwN2E4YzU5ZDkyZjI3ZWU4NTp7Il9hdXRoX3VzZXJfaWQiOiIyIiwiX2F1dGhfdXNlcl9iYWNrZW5kIjoiZGphbmdvLmNvbnRyaWIuYXV0aC5iYWNrZW5kcy5Nb2RlbEJhY2tlbmQiLCJfYXV0aF91c2VyX2hhc2giOiJlMTRmOTc5N2E3YTM0OGYwOWU3MGMwYTAwNjUwM2VlMmMwZTZjYTY2Iiwic3dlZXRpZnkiOiJ7XCJzaG93Q29uZmlybUJ1dHRvblwiOiB0cnVlLCBcInRpbWVyXCI6IG51bGwsIFwiYWxsb3dPdXRzaWRlQ2xpY2tcIjogZmFsc2UsIFwiY29uZmlybUJ1dHRvblRleHRcIjogXCJDb250aW51ZVwiLCBcInRleHRcIjogXCJXZWxjb21lIEFkbWluXCIsIFwidHlwZVwiOiBcInN1Y2Nlc3NcIiwgXCJ0aXRsZVwiOiBcIlN1Y2Nlc3NcIn0ifQ==", "expire_date": "2020-02-02T20:57:38.018Z"}}, {"model": "sessions.session", "pk": "fcrdt48liucocrrd9ug17uuzetmhdqk2", "fields": {"session_data": "MDlkOTE3YzNlZjY0ODM3ZDMzMzdhZGE1YjVlOTk0YjY0OTdlZmQ4Zjp7Il9hdXRoX3VzZXJfaWQiOiIxMyIsIl9hdXRoX3VzZXJfYmFja2VuZCI6ImRqYW5nby5jb250cmliLmF1dGguYmFja2VuZHMuTW9kZWxCYWNrZW5kIiwiX2F1dGhfdXNlcl9oYXNoIjoiN2Q5NzVmZDc0MzBhNWFhZTQ3OGQ2Y2I3Njc1OTU1MTk0M2I1ZDgwNSJ9", "expire_date": "2020-02-04T13:31:10.750Z"}}, {"model": "sessions.session", "pk": "jt06bi8p01hoy9nmwpidyntj9usg7bgp", "fields": {"session_data": "MDlkOTE3YzNlZjY0ODM3ZDMzMzdhZGE1YjVlOTk0YjY0OTdlZmQ4Zjp7Il9hdXRoX3VzZXJfaWQiOiIxMyIsIl9hdXRoX3VzZXJfYmFja2VuZCI6ImRqYW5nby5jb250cmliLmF1dGguYmFja2VuZHMuTW9kZWxCYWNrZW5kIiwiX2F1dGhfdXNlcl9oYXNoIjoiN2Q5NzVmZDc0MzBhNWFhZTQ3OGQ2Y2I3Njc1OTU1MTk0M2I1ZDgwNSJ9", "expire_date": "2020-04-09T12:01:12.500Z"}}, {"model": "sessions.session", "pk": "k9t4gvcjr4g15lk2ijclmzdbe8v7vczl", "fields": {"session_data": "OTFkNDczNDRkY2U3YjFiZDgxN2Q3NWJiYzVmMmQ2MjQ0OGFmZWY2ZTp7Il9hdXRoX3VzZXJfaWQiOiIxIiwiX2F1dGhfdXNlcl9iYWNrZW5kIjoiZGphbmdvLmNvbnRyaWIuYXV0aC5iYWNrZW5kcy5Nb2RlbEJhY2tlbmQiLCJfYXV0aF91c2VyX2hhc2giOiJkZWE2YjEzZmE2YmNmODFhYTBmOTMzNzcwYzJjY2FhZjM1Mjk4NjQxIiwic3dlZXRpZnkiOiJ7XCJzaG93Q29uZmlybUJ1dHRvblwiOiB0cnVlLCBcInRpbWVyXCI6IG51bGwsIFwiYWxsb3dPdXRzaWRlQ2xpY2tcIjogZmFsc2UsIFwiY29uZmlybUJ1dHRvblRleHRcIjogXCJSZXRyeVwiLCBcInRleHRcIjogXCJXZWxjb21lIHRvIE1hc2hreXNcIiwgXCJ0eXBlXCI6IFwic3VjY2Vzc1wiLCBcInRpdGxlXCI6IFwiU3VjY2Vzc1wifSJ9", "expire_date": "2020-01-03T10:47:25.786Z"}}, {"model": "sessions.session", "pk": "ky8g87oamtfk9l5ftiaz0vp1de3b1eud", "fields": {"session_data": "YzFmNzE3NDQ1ZjRiOTcyZDdkNzM2MmEwNTE2YzdkMDJiZTIwMWIwZTp7Il9hdXRoX3VzZXJfaWQiOiIzIiwiX2F1dGhfdXNlcl9iYWNrZW5kIjoiZGphbmdvLmNvbnRyaWIuYXV0aC5iYWNrZW5kcy5Nb2RlbEJhY2tlbmQiLCJfYXV0aF91c2VyX2hhc2giOiJlYWQ5NDQwNThmMTYwYjc4MTk1ZGUyMDZhMDhmNDdiNWFiNDI4ZWE1In0=", "expire_date": "2020-01-25T21:30:54.979Z"}}, {"model": "sessions.session", "pk": "ogipncvtltfjy9smvzhajr4fdlzaupfu", "fields": {"session_data": "OTFkNDczNDRkY2U3YjFiZDgxN2Q3NWJiYzVmMmQ2MjQ0OGFmZWY2ZTp7Il9hdXRoX3VzZXJfaWQiOiIxIiwiX2F1dGhfdXNlcl9iYWNrZW5kIjoiZGphbmdvLmNvbnRyaWIuYXV0aC5iYWNrZW5kcy5Nb2RlbEJhY2tlbmQiLCJfYXV0aF91c2VyX2hhc2giOiJkZWE2YjEzZmE2YmNmODFhYTBmOTMzNzcwYzJjY2FhZjM1Mjk4NjQxIiwic3dlZXRpZnkiOiJ7XCJzaG93Q29uZmlybUJ1dHRvblwiOiB0cnVlLCBcInRpbWVyXCI6IG51bGwsIFwiYWxsb3dPdXRzaWRlQ2xpY2tcIjogZmFsc2UsIFwiY29uZmlybUJ1dHRvblRleHRcIjogXCJSZXRyeVwiLCBcInRleHRcIjogXCJXZWxjb21lIHRvIE1hc2hreXNcIiwgXCJ0eXBlXCI6IFwic3VjY2Vzc1wiLCBcInRpdGxlXCI6IFwiU3VjY2Vzc1wifSJ9", "expire_date": "2020-01-23T16:38:59.824Z"}}, {"model": "sessions.session", "pk": "potzmzvqrbioli7igy6ag07t0ylew1rp", "fields": {"session_data": "MDlkOTE3YzNlZjY0ODM3ZDMzMzdhZGE1YjVlOTk0YjY0OTdlZmQ4Zjp7Il9hdXRoX3VzZXJfaWQiOiIxMyIsIl9hdXRoX3VzZXJfYmFja2VuZCI6ImRqYW5nby5jb250cmliLmF1dGguYmFja2VuZHMuTW9kZWxCYWNrZW5kIiwiX2F1dGhfdXNlcl9oYXNoIjoiN2Q5NzVmZDc0MzBhNWFhZTQ3OGQ2Y2I3Njc1OTU1MTk0M2I1ZDgwNSJ9", "expire_date": "2020-04-05T18:17:04.102Z"}}, {"model": "sessions.session", "pk": "snk97njllfvaeg6iot0sv89bwefheakp", "fields": {"session_data": "MjdkYzE2YTA1NDc3OTZkOTBjNzY2YzZjODdmODE2ZTgzYzgwZTZlZDp7Il9hdXRoX3VzZXJfaWQiOiIxMiIsIl9hdXRoX3VzZXJfYmFja2VuZCI6ImRqYW5nby5jb250cmliLmF1dGguYmFja2VuZHMuTW9kZWxCYWNrZW5kIiwiX2F1dGhfdXNlcl9oYXNoIjoiNDMxMWIwZWQ0MDYyNTAxYmU4M2IyNDAwZmZmMDVhODY0MGE2Y2QyNSJ9", "expire_date": "2020-02-03T07:22:10.154Z"}}, {"model": "sessions.session", "pk": "tjioxruhklsnntkcao383qkrj6b4goa5", "fields": {"session_data": "MTRmYzE2ZTMzMGU1YzFmMzA1ZTY1NGZiOTU2M2MwYWYxNTZiZWRhYjp7Il9hdXRoX3VzZXJfaWQiOiIxMiIsIl9hdXRoX3VzZXJfYmFja2VuZCI6ImRqYW5nby5jb250cmliLmF1dGguYmFja2VuZHMuTW9kZWxCYWNrZW5kIiwiX2F1dGhfdXNlcl9oYXNoIjoiNDMxMWIwZWQ0MDYyNTAxYmU4M2IyNDAwZmZmMDVhODY0MGE2Y2QyNSIsInN3ZWV0aWZ5Ijoie1wic2hvd0NvbmZpcm1CdXR0b25cIjogdHJ1ZSwgXCJ0aW1lclwiOiBudWxsLCBcImFsbG93T3V0c2lkZUNsaWNrXCI6IGZhbHNlLCBcImNvbmZpcm1CdXR0b25UZXh0XCI6IFwiUmV0cnlcIiwgXCJ0ZXh0XCI6IFwiV2VsY29tZSB0byBNYXNoa3lzXCIsIFwidHlwZVwiOiBcInN1Y2Nlc3NcIiwgXCJ0aXRsZVwiOiBcIlN1Y2Nlc3NcIn0ifQ==", "expire_date": "2020-02-12T08:56:12.333Z"}}, {"model": "sessions.session", "pk": "yi63zijsubfhhc9tg8tqt5rz3am7muav", "fields": {"session_data": "NGUyZjA4NDc0MmMzNzFjYjI3ZmI0MzAwN2E4YzU5ZDkyZjI3ZWU4NTp7Il9hdXRoX3VzZXJfaWQiOiIyIiwiX2F1dGhfdXNlcl9iYWNrZW5kIjoiZGphbmdvLmNvbnRyaWIuYXV0aC5iYWNrZW5kcy5Nb2RlbEJhY2tlbmQiLCJfYXV0aF91c2VyX2hhc2giOiJlMTRmOTc5N2E3YTM0OGYwOWU3MGMwYTAwNjUwM2VlMmMwZTZjYTY2Iiwic3dlZXRpZnkiOiJ7XCJzaG93Q29uZmlybUJ1dHRvblwiOiB0cnVlLCBcInRpbWVyXCI6IG51bGwsIFwiYWxsb3dPdXRzaWRlQ2xpY2tcIjogZmFsc2UsIFwiY29uZmlybUJ1dHRvblRleHRcIjogXCJDb250aW51ZVwiLCBcInRleHRcIjogXCJXZWxjb21lIEFkbWluXCIsIFwidHlwZVwiOiBcInN1Y2Nlc3NcIiwgXCJ0aXRsZVwiOiBcIlN1Y2Nlc3NcIn0ifQ==", "expire_date": "2020-04-04T20:20:14.711Z"}}, {"model": "androidAuthApi.shortcode", "pk": 32, "fields": {"short_code": "676385", "phone_number": "0739003824", "created_at": "2020-01-21T10:58:18.962Z", "updated_at": "2020-01-21T10:58:18.962Z"}}, {"model": "androidAuthApi.shortcode", "pk": 33, "fields": {"short_code": "674581", "phone_number": "0739003824", "created_at": "2020-01-21T11:00:39.595Z", "updated_at": "2020-01-21T11:00:39.595Z"}}, {"model": "authtoken.token", "pk": "071ad5f7b917a800648f616f3f9a264cc0c96cb1", "fields": {"user": 13, "created": "2020-01-28T11:02:49.971Z"}}, {"model": "authtoken.token", "pk": "2aab8f8acc8b65682c298c8dc55d8f6fe691e1ff", "fields": {"user": 14, "created": "2020-01-28T11:07:28.607Z"}}, {"model": "sites.site", "pk": 1, "fields": {"domain": "example.com", "name": "example.com"}}, {"model": "shoppy.buyer", "pk": 3, "fields": {"phone_number": "0706833733", "groups": [], "user_permissions": []}}, {"model": "shoppy.buyer", "pk": 4, "fields": {"phone_number": "0706833776", "groups": [], "user_permissions": []}}, {"model": "shoppy.buyer", "pk": 5, "fields": {"phone_number": "0706833743", "groups": [], "user_permissions": []}}, {"model": "shoppy.buyer", "pk": 10, "fields": {"phone_number": "0704049300", "groups": [], "user_permissions": []}}, {"model": "shoppy.buyer", "pk": 13, "fields": {"phone_number": "0700020958", "groups": [], "user_permissions": []}}, {"model": "shoppy.buyer", "pk": 14, "fields": {"phone_number": "0706833784", "groups": [], "user_permissions": []}}, {"model": "shoppy.seller", "pk": 1, "fields": {"phone_number": "0706833784", "business_no": "test19974645", "store_logo": "store_logo/condensed_colour_logo.png", "store_name": "Mashkys", "status": "UNVERIFIED", "country": "NAIROBI", "groups": [], "user_permissions": []}}, {"model": "shoppy.seller", "pk": 12, "fields": {"phone_number": "0706833784", "business_no": "jikonifyA123", "store_logo": "store_logo/jikonify_black_-_Copy.png", "store_name": "Jikonify", "status": "VERIFIED", "country": "NAIROBI", "groups": [], "user_permissions": []}}, {"model": "shoppy.product", "pk": 8, "fields": {"name": "Sukuma Wiki 30per bunch", "unit_cost": 30.0, "product_brand": 6, "short_description": "Vegetables are parts of plants that are consumed by humans or other animals as food.", "long_description": "<p><strong>Vegetables</strong>&nbsp;are parts of plants that are consumed by humans or other animals as food. The original meaning is still commonly used and is applied to plants collectively to refer to all edible plant matter, including the&nbsp;<a href=\"https://en.wikipedia.org/wiki/Edible_flower\">flowers</a>,&nbsp;<a href=\"https://en.wikipedia.org/wiki/Fruit\">fruits</a>,&nbsp;<a href=\"https://en.wikipedia.org/wiki/Edible_plant_stem\">stems</a>,&nbsp;<a href=\"https://en.wikipedia.org/wiki/Leaf_vegetable\">leaves</a>,&nbsp;<a href=\"https://en.wikipedia.org/wiki/List_of_root_vegetables\">roots</a>, and&nbsp;<a href=\"https://en.wikipedia.org/wiki/List_of_edible_seeds\">seeds</a>. The alternate definition of the term&nbsp;<em>vegetable</em>&nbsp;is applied somewhat arbitrarily, often by culinary and cultural tradition. It may exclude foods derived from some plants that are&nbsp;<a href=\"https://en.wikipedia.org/wiki/Fruit\">fruits</a>,&nbsp;<a href=\"https://en.wikipedia.org/wiki/Flower\">flowers</a>,&nbsp;<a href=\"https://en.wikipedia.org/wiki/Nut_(fruit)\">nuts</a>, and&nbsp;<a href=\"https://en.wikipedia.org/wiki/Cereal\">cereal</a>&nbsp;grains, but include savoury fruits such as&nbsp;<a href=\"https://en.wikipedia.org/wiki/Tomato\">tomatoes</a>&nbsp;and&nbsp;<a href=\"https://en.wikipedia.org/wiki/Courgette\">courgettes</a>,&nbsp;<a href=\"https://en.wikipedia.org/wiki/Flower\">flowers</a>&nbsp;such as&nbsp;<a href=\"https://en.wikipedia.org/wiki/Broccoli\">broccoli</a>, and seeds such as&nbsp;<a href=\"https://en.wikipedia.org/wiki/Pulse_(legume)\">pulses</a>.</p>\r\n", "featured_url": "product_images/images_4DRYxrw.jpg", "category": 15, "status": "VERIFIED", "feat_product": "FEATURED", "vat_status": "VAT", "seller": 12, "created_at": "2020-01-19T21:57:35.169Z", "updated_at": "2020-01-19T21:57:35.170Z"}}, {"model": "shoppy.product", "pk": 9, "fields": {"name": "Sukuma Wiki 50 per bunch", "unit_cost": 50.0, "product_brand": 6, "short_description": "Vegetables\u00a0are parts of plants that are consumed by humans or other animals as food", "long_description": "<p><strong>Vegetables</strong>&nbsp;are parts of plants that are consumed by humans or other animals as food. The original meaning is still commonly used and is applied to plants collectively to refer to all edible plant matter, including the&nbsp;<a href=\"https://en.wikipedia.org/wiki/Edible_flower\">flowers</a>,&nbsp;<a href=\"https://en.wikipedia.org/wiki/Fruit\">fruits</a>,&nbsp;<a href=\"https://en.wikipedia.org/wiki/Edible_plant_stem\">stems</a>,&nbsp;<a href=\"https://en.wikipedia.org/wiki/Leaf_vegetable\">leaves</a>,&nbsp;<a href=\"https://en.wikipedia.org/wiki/List_of_root_vegetables\">roots</a>, and&nbsp;<a href=\"https://en.wikipedia.org/wiki/List_of_edible_seeds\">seeds</a>. The alternate definition of the term&nbsp;<em>vegetable</em>&nbsp;is applied somewhat arbitrarily, often by culinary and cultural tradition. It may exclude foods derived from some plants that are&nbsp;<a href=\"https://en.wikipedia.org/wiki/Fruit\">fruits</a>,&nbsp;<a href=\"https://en.wikipedia.org/wiki/Flower\">flowers</a>,&nbsp;<a href=\"https://en.wikipedia.org/wiki/Nut_(fruit)\">nuts</a>, and&nbsp;<a href=\"https://en.wikipedia.org/wiki/Cereal\">cereal</a>&nbsp;grains, but include savoury fruits such as&nbsp;<a href=\"https://en.wikipedia.org/wiki/Tomato\">tomatoes</a>&nbsp;and&nbsp;<a href=\"https://en.wikipedia.org/wiki/Courgette\">courgettes</a>,&nbsp;<a href=\"https://en.wikipedia.org/wiki/Flower\">flowers</a>&nbsp;such as&nbsp;<a href=\"https://en.wikipedia.org/wiki/Broccoli\">broccoli</a>, and seeds such as&nbsp;<a href=\"https://en.wikipedia.org/wiki/Pulse_(legume)\">pulses</a>.</p>\r\n", "featured_url": "product_images/Kales.jpg", "category": 15, "status": "VERIFIED", "feat_product": "NORMAL", "vat_status": "VAT", "seller": 12, "created_at": "2020-01-19T22:01:00.504Z", "updated_at": "2020-01-19T22:01:00.504Z"}}, {"model": "shoppy.product", "pk": 10, "fields": {"name": "Cabbage full 50bob", "unit_cost": 50.0, "product_brand": 7, "short_description": "Vegetables\u00a0are parts of plants that are consumed by humans or other animals as food", "long_description": "<p><strong>Vegetables</strong>&nbsp;are parts of plants that are consumed by humans or other animals as food. The original meaning is still commonly used and is applied to plants collectively to refer to all edible plant matter, including the&nbsp;<a href=\"https://en.wikipedia.org/wiki/Edible_flower\">flowers</a>,&nbsp;<a href=\"https://en.wikipedia.org/wiki/Fruit\">fruits</a>,&nbsp;<a href=\"https://en.wikipedia.org/wiki/Edible_plant_stem\">stems</a>,&nbsp;<a href=\"https://en.wikipedia.org/wiki/Leaf_vegetable\">leaves</a>,&nbsp;<a href=\"https://en.wikipedia.org/wiki/List_of_root_vegetables\">roots</a>, and&nbsp;<a href=\"https://en.wikipedia.org/wiki/List_of_edible_seeds\">seeds</a>. The alternate definition of the term&nbsp;<em>vegetable</em>&nbsp;is applied somewhat arbitrarily, often by culinary and cultural tradition. It may exclude foods derived from some plants that are&nbsp;<a href=\"https://en.wikipedia.org/wiki/Fruit\">fruits</a>,&nbsp;<a href=\"https://en.wikipedia.org/wiki/Flower\">flowers</a>,&nbsp;<a href=\"https://en.wikipedia.org/wiki/Nut_(fruit)\">nuts</a>, and&nbsp;<a href=\"https://en.wikipedia.org/wiki/Cereal\">cereal</a>&nbsp;grains, but include savoury fruits such as&nbsp;<a href=\"https://en.wikipedia.org/wiki/Tomato\">tomatoes</a>&nbsp;and&nbsp;<a href=\"https://en.wikipedia.org/wiki/Courgette\">courgettes</a>,&nbsp;<a href=\"https://en.wikipedia.org/wiki/Flower\">flowers</a>&nbsp;such as&nbsp;<a href=\"https://en.wikipedia.org/wiki/Broccoli\">broccoli</a>, and seeds such as&nbsp;<a href=\"https://en.wikipedia.org/wiki/Pulse_(legume)\">pulses</a>.</p>\r\n\r\n<p>&nbsp;</p>\r\n", "featured_url": "product_images/cabbage.jpg", "category": 15, "status": "VERIFIED", "feat_product": "FEATURED", "vat_status": "VAT", "seller": 12, "created_at": "2020-01-19T22:04:48.186Z", "updated_at": "2020-01-19T22:04:48.186Z"}}, {"model": "shoppy.product", "pk": 11, "fields": {"name": "Cabbage full 50ksh", "unit_cost": 50.0, "product_brand": 7, "short_description": "Vegetables\u00a0are parts of plants that are consumed by humans or other animals as food.", "long_description": "<p><strong>Vegetables</strong>&nbsp;are parts of plants that are consumed by humans or other animals as food. The original meaning is still commonly used and is applied to plants collectively to refer to all edible plant matter, including the&nbsp;<a href=\"https://en.wikipedia.org/wiki/Edible_flower\">flowers</a>,&nbsp;<a href=\"https://en.wikipedia.org/wiki/Fruit\">fruits</a>,&nbsp;<a href=\"https://en.wikipedia.org/wiki/Edible_plant_stem\">stems</a>,&nbsp;<a href=\"https://en.wikipedia.org/wiki/Leaf_vegetable\">leaves</a>,&nbsp;<a href=\"https://en.wikipedia.org/wiki/List_of_root_vegetables\">roots</a>, and&nbsp;<a href=\"https://en.wikipedia.org/wiki/List_of_edible_seeds\">seeds</a>. The alternate definition of the term&nbsp;<em>vegetable</em>&nbsp;is applied somewhat arbitrarily, often by culinary and cultural tradition. It may exclude foods derived from some plants that are&nbsp;<a href=\"https://en.wikipedia.org/wiki/Fruit\">fruits</a>,&nbsp;<a href=\"https://en.wikipedia.org/wiki/Flower\">flowers</a>,&nbsp;<a href=\"https://en.wikipedia.org/wiki/Nut_(fruit)\">nuts</a>, and&nbsp;<a href=\"https://en.wikipedia.org/wiki/Cereal\">cereal</a>&nbsp;grains, but include savoury fruits such as&nbsp;<a href=\"https://en.wikipedia.org/wiki/Tomato\">tomatoes</a>&nbsp;and&nbsp;<a href=\"https://en.wikipedia.org/wiki/Courgette\">courgettes</a>,&nbsp;<a href=\"https://en.wikipedia.org/wiki/Flower\">flowers</a>&nbsp;such as&nbsp;<a href=\"https://en.wikipedia.org/wiki/Broccoli\">broccoli</a>, and seeds such as&nbsp;<a href=\"https://en.wikipedia.org/wiki/Pulse_(legume)\">pulses</a>.</p>\r\n", "featured_url": "product_images/cabbages.jpg", "category": 15, "status": "VERIFIED", "feat_product": "FEATURED", "vat_status": "VAT", "seller": 12, "created_at": "2020-01-19T22:06:16.096Z", "updated_at": "2020-01-19T22:06:16.097Z"}}, {"model": "shoppy.product", "pk": 12, "fields": {"name": "Broccoli", "unit_cost": 10.0, "product_brand": 8, "short_description": "Vegetables\u00a0are parts of plants that are consumed by humans or other animals as food.", "long_description": "<p><strong>Vegetables</strong>&nbsp;are parts of plants that are consumed by humans or other animals as food. The original meaning is still commonly used and is applied to plants collectively to refer to all edible plant matter, including the&nbsp;<a href=\"https://en.wikipedia.org/wiki/Edible_flower\">flowers</a>,&nbsp;<a href=\"https://en.wikipedia.org/wiki/Fruit\">fruits</a>,&nbsp;<a href=\"https://en.wikipedia.org/wiki/Edible_plant_stem\">stems</a>,&nbsp;<a href=\"https://en.wikipedia.org/wiki/Leaf_vegetable\">leaves</a>,&nbsp;<a href=\"https://en.wikipedia.org/wiki/List_of_root_vegetables\">roots</a>, and&nbsp;<a href=\"https://en.wikipedia.org/wiki/List_of_edible_seeds\">seeds</a>. The alternate definition of the term&nbsp;<em>vegetable</em>&nbsp;is applied somewhat arbitrarily, often by culinary and cultural tradition. It may exclude foods derived from some plants that are&nbsp;<a href=\"https://en.wikipedia.org/wiki/Fruit\">fruits</a>,&nbsp;<a href=\"https://en.wikipedia.org/wiki/Flower\">flowers</a>,&nbsp;<a href=\"https://en.wikipedia.org/wiki/Nut_(fruit)\">nuts</a>, and&nbsp;<a href=\"https://en.wikipedia.org/wiki/Cereal\">cereal</a>&nbsp;grains, but include savoury fruits such as&nbsp;<a href=\"https://en.wikipedia.org/wiki/Tomato\">tomatoes</a>&nbsp;and&nbsp;<a href=\"https://en.wikipedia.org/wiki/Courgette\">courgettes</a>,&nbsp;<a href=\"https://en.wikipedia.org/wiki/Flower\">flowers</a>&nbsp;such as&nbsp;<a href=\"https://en.wikipedia.org/wiki/Broccoli\">broccoli</a>, and seeds such as&nbsp;<a href=\"https://en.wikipedia.org/wiki/Pulse_(legume)\">pulses</a>.</p>\r\n", "featured_url": "product_images/17-178506_broccoli-clip-art.png", "category": 14, "status": "VERIFIED", "feat_product": "FEATURED", "vat_status": "VAT", "seller": 12, "created_at": "2020-01-19T22:08:00.181Z", "updated_at": "2020-01-19T22:08:00.181Z"}}, {"model": "shoppy.product", "pk": 13, "fields": {"name": "Broccoli gist", "unit_cost": 10.0, "product_brand": 8, "short_description": "Vegetables\u00a0are parts of plants that are consumed by humans or other animals as food", "long_description": "<p><strong>Vegetables</strong>&nbsp;are parts of plants that are consumed by humans or other animals as food. The original meaning is still commonly used and is applied to plants collectively to refer to all edible plant matter, including the&nbsp;<a href=\"https://en.wikipedia.org/wiki/Edible_flower\">flowers</a>,&nbsp;<a href=\"https://en.wikipedia.org/wiki/Fruit\">fruits</a>,&nbsp;<a href=\"https://en.wikipedia.org/wiki/Edible_plant_stem\">stems</a>,&nbsp;<a href=\"https://en.wikipedia.org/wiki/Leaf_vegetable\">leaves</a>,&nbsp;<a href=\"https://en.wikipedia.org/wiki/List_of_root_vegetables\">roots</a>, and&nbsp;<a href=\"https://en.wikipedia.org/wiki/List_of_edible_seeds\">seeds</a>. The alternate definition of the term&nbsp;<em>vegetable</em>&nbsp;is applied somewhat arbitrarily, often by culinary and cultural tradition. It may exclude foods derived from some plants that are&nbsp;<a href=\"https://en.wikipedia.org/wiki/Fruit\">fruits</a>,&nbsp;<a href=\"https://en.wikipedia.org/wiki/Flower\">flowers</a>,&nbsp;<a href=\"https://en.wikipedia.org/wiki/Nut_(fruit)\">nuts</a>, and&nbsp;<a href=\"https://en.wikipedia.org/wiki/Cereal\">cereal</a>&nbsp;grains, but include savoury fruits such as&nbsp;<a href=\"https://en.wikipedia.org/wiki/Tomato\">tomatoes</a>&nbsp;and&nbsp;<a href=\"https://en.wikipedia.org/wiki/Courgette\">courgettes</a>,&nbsp;<a href=\"https://en.wikipedia.org/wiki/Flower\">flowers</a>&nbsp;such as&nbsp;<a href=\"https://en.wikipedia.org/wiki/Broccoli\">broccoli</a>, and seeds such as&nbsp;<a href=\"https://en.wikipedia.org/wiki/Pulse_(legume)\">pulses</a>.</p>\r\n", "featured_url": "product_images/broccoli1.jpg", "category": 14, "status": "VERIFIED", "feat_product": "NORMAL", "vat_status": "VAT", "seller": 12, "created_at": "2020-01-19T22:09:43.856Z", "updated_at": "2020-01-19T22:09:43.856Z"}}, {"model": "shoppy.product", "pk": 14, "fields": {"name": "Tomato 1kg 70bob", "unit_cost": 70.0, "product_brand": 10, "short_description": "Vegetables\u00a0are parts of plants that are consumed by humans or other animals as food", "long_description": "<p><strong>Vegetables</strong>&nbsp;are parts of plants that are consumed by humans or other animals as food. The original meaning is still commonly used and is applied to plants collectively to refer to all edible plant matter, including the&nbsp;<a href=\"https://en.wikipedia.org/wiki/Edible_flower\">flowers</a>,&nbsp;<a href=\"https://en.wikipedia.org/wiki/Fruit\">fruits</a>,&nbsp;<a href=\"https://en.wikipedia.org/wiki/Edible_plant_stem\">stems</a>,&nbsp;<a href=\"https://en.wikipedia.org/wiki/Leaf_vegetable\">leaves</a>,&nbsp;<a href=\"https://en.wikipedia.org/wiki/List_of_root_vegetables\">roots</a>, and&nbsp;<a href=\"https://en.wikipedia.org/wiki/List_of_edible_seeds\">seeds</a>. The alternate definition of the term&nbsp;<em>vegetable</em>&nbsp;is applied somewhat arbitrarily, often by culinary and cultural tradition. It may exclude foods derived from some plants that are&nbsp;<a href=\"https://en.wikipedia.org/wiki/Fruit\">fruits</a>,&nbsp;<a href=\"https://en.wikipedia.org/wiki/Flower\">flowers</a>,&nbsp;<a href=\"https://en.wikipedia.org/wiki/Nut_(fruit)\">nuts</a>, and&nbsp;<a href=\"https://en.wikipedia.org/wiki/Cereal\">cereal</a>&nbsp;grains, but include savoury fruits such as&nbsp;<a href=\"https://en.wikipedia.org/wiki/Tomato\">tomatoes</a>&nbsp;and&nbsp;<a href=\"https://en.wikipedia.org/wiki/Courgette\">courgettes</a>,&nbsp;<a href=\"https://en.wikipedia.org/wiki/Flower\">flowers</a>&nbsp;such as&nbsp;<a href=\"https://en.wikipedia.org/wiki/Broccoli\">broccoli</a>, and seeds such as&nbsp;<a href=\"https://en.wikipedia.org/wiki/Pulse_(legume)\">pulses</a>.</p>\r\n", "featured_url": "product_images/tommato2.jpeg", "category": 14, "status": "VERIFIED", "feat_product": "FEATURED", "vat_status": "VAT", "seller": 12, "created_at": "2020-01-19T22:11:43.824Z", "updated_at": "2020-01-19T22:11:43.824Z"}}, {"model": "shoppy.product", "pk": 15, "fields": {"name": "Tomato 10bob", "unit_cost": 10.0, "product_brand": 10, "short_description": "Vegetables\u00a0are parts of plants that are consumed by humans or other animals as food.", "long_description": "<p><strong>Vegetables</strong>&nbsp;are parts of plants that are consumed by humans or other animals as food. The original meaning is still commonly used and is applied to plants collectively to refer to all edible plant matter, including the&nbsp;<a href=\"https://en.wikipedia.org/wiki/Edible_flower\">flowers</a>,&nbsp;<a href=\"https://en.wikipedia.org/wiki/Fruit\">fruits</a>,&nbsp;<a href=\"https://en.wikipedia.org/wiki/Edible_plant_stem\">stems</a>,&nbsp;<a href=\"https://en.wikipedia.org/wiki/Leaf_vegetable\">leaves</a>,&nbsp;<a href=\"https://en.wikipedia.org/wiki/List_of_root_vegetables\">roots</a>, and&nbsp;<a href=\"https://en.wikipedia.org/wiki/List_of_edible_seeds\">seeds</a>. The alternate definition of the term&nbsp;<em>vegetable</em>&nbsp;is applied somewhat arbitrarily, often by culinary and cultural tradition. It may exclude foods derived from some plants that are&nbsp;<a href=\"https://en.wikipedia.org/wiki/Fruit\">fruits</a>,&nbsp;<a href=\"https://en.wikipedia.org/wiki/Flower\">flowers</a>,&nbsp;<a href=\"https://en.wikipedia.org/wiki/Nut_(fruit)\">nuts</a>, and&nbsp;<a href=\"https://en.wikipedia.org/wiki/Cereal\">cereal</a>&nbsp;grains, but include savoury fruits such as&nbsp;<a href=\"https://en.wikipedia.org/wiki/Tomato\">tomatoes</a>&nbsp;and&nbsp;<a href=\"https://en.wikipedia.org/wiki/Courgette\">courgettes</a>,&nbsp;<a href=\"https://en.wikipedia.org/wiki/Flower\">flowers</a>&nbsp;such as&nbsp;<a href=\"https://en.wikipedia.org/wiki/Broccoli\">broccoli</a>, and seeds such as&nbsp;<a href=\"https://en.wikipedia.org/wiki/Pulse_(legume)\">pulses</a>.</p>\r\n", "featured_url": "product_images/tommato.jpg", "category": 14, "status": "VERIFIED", "feat_product": "NORMAL", "vat_status": "VAT", "seller": 12, "created_at": "2020-01-19T22:17:02.651Z", "updated_at": "2020-01-19T22:17:02.652Z"}}, {"model": "shoppy.product", "pk": 16, "fields": {"name": "Tomato 5bob", "unit_cost": 5.0, "product_brand": 10, "short_description": "Vegetables\u00a0are parts of plants that are consumed by humans or other animals as food.", "long_description": "<p><strong>Vegetables</strong>&nbsp;are parts of plants that are consumed by humans or other animals as food. The original meaning is still commonly used and is applied to plants collectively to refer to all edible plant matter, including the&nbsp;<a href=\"https://en.wikipedia.org/wiki/Edible_flower\">flowers</a>,&nbsp;<a href=\"https://en.wikipedia.org/wiki/Fruit\">fruits</a>,&nbsp;<a href=\"https://en.wikipedia.org/wiki/Edible_plant_stem\">stems</a>,&nbsp;<a href=\"https://en.wikipedia.org/wiki/Leaf_vegetable\">leaves</a>,&nbsp;<a href=\"https://en.wikipedia.org/wiki/List_of_root_vegetables\">roots</a>, and&nbsp;<a href=\"https://en.wikipedia.org/wiki/List_of_edible_seeds\">seeds</a>. The alternate definition of the term&nbsp;<em>vegetable</em>&nbsp;is applied somewhat arbitrarily, often by culinary and cultural tradition. It may exclude foods derived from some plants that are&nbsp;<a href=\"https://en.wikipedia.org/wiki/Fruit\">fruits</a>,&nbsp;<a href=\"https://en.wikipedia.org/wiki/Flower\">flowers</a>,&nbsp;<a href=\"https://en.wikipedia.org/wiki/Nut_(fruit)\">nuts</a>, and&nbsp;<a href=\"https://en.wikipedia.org/wiki/Cereal\">cereal</a>&nbsp;grains, but include savoury fruits such as&nbsp;<a href=\"https://en.wikipedia.org/wiki/Tomato\">tomatoes</a>&nbsp;and&nbsp;<a href=\"https://en.wikipedia.org/wiki/Courgette\">courgettes</a>,&nbsp;<a href=\"https://en.wikipedia.org/wiki/Flower\">flowers</a>&nbsp;such as&nbsp;<a href=\"https://en.wikipedia.org/wiki/Broccoli\">broccoli</a>, and seeds such as&nbsp;<a href=\"https://en.wikipedia.org/wiki/Pulse_(legume)\">pulses</a>.</p>\r\n", "featured_url": "product_images/tomato-153272_640.png", "category": 14, "status": "VERIFIED", "feat_product": "NORMAL", "vat_status": "VAT", "seller": 12, "created_at": "2020-01-19T22:19:11.297Z", "updated_at": "2020-01-19T22:19:11.297Z"}}, {"model": "shoppy.product", "pk": 17, "fields": {"name": "Onions 5bob ", "unit_cost": 5.0, "product_brand": 9, "short_description": "Vegetables\u00a0are parts of plants that are consumed by humans or other animals as food.", "long_description": "<p><strong>Vegetables</strong>&nbsp;are parts of plants that are consumed by humans or other animals as food. The original meaning is still commonly used and is applied to plants collectively to refer to all edible plant matter, including the&nbsp;<a href=\"https://en.wikipedia.org/wiki/Edible_flower\">flowers</a>,&nbsp;<a href=\"https://en.wikipedia.org/wiki/Fruit\">fruits</a>,&nbsp;<a href=\"https://en.wikipedia.org/wiki/Edible_plant_stem\">stems</a>,&nbsp;<a href=\"https://en.wikipedia.org/wiki/Leaf_vegetable\">leaves</a>,&nbsp;<a href=\"https://en.wikipedia.org/wiki/List_of_root_vegetables\">roots</a>, and&nbsp;<a href=\"https://en.wikipedia.org/wiki/List_of_edible_seeds\">seeds</a>. The alternate definition of the term&nbsp;<em>vegetable</em>&nbsp;is applied somewhat arbitrarily, often by culinary and cultural tradition. It may exclude foods derived from some plants that are&nbsp;<a href=\"https://en.wikipedia.org/wiki/Fruit\">fruits</a>,&nbsp;<a href=\"https://en.wikipedia.org/wiki/Flower\">flowers</a>,&nbsp;<a href=\"https://en.wikipedia.org/wiki/Nut_(fruit)\">nuts</a>, and&nbsp;<a href=\"https://en.wikipedia.org/wiki/Cereal\">cereal</a>&nbsp;grains, but include savoury fruits such as&nbsp;<a href=\"https://en.wikipedia.org/wiki/Tomato\">tomatoes</a>&nbsp;and&nbsp;<a href=\"https://en.wikipedia.org/wiki/Courgette\">courgettes</a>,&nbsp;<a href=\"https://en.wikipedia.org/wiki/Flower\">flowers</a>&nbsp;such as&nbsp;<a href=\"https://en.wikipedia.org/wiki/Broccoli\">broccoli</a>, and seeds such as&nbsp;<a href=\"https://en.wikipedia.org/wiki/Pulse_(legume)\">pulses</a>.</p>\r\n", "featured_url": "product_images/onions1.jpg", "category": 14, "status": "VERIFIED", "feat_product": "FEATURED", "vat_status": "VAT", "seller": 12, "created_at": "2020-01-19T22:20:42.042Z", "updated_at": "2020-01-19T22:20:42.042Z"}}, {"model": "shoppy.product", "pk": 18, "fields": {"name": "Onions 1kg 60bob", "unit_cost": 60.0, "product_brand": 9, "short_description": "Vegetables\u00a0are parts of plants that are consumed by humans or other animals as food.", "long_description": "<p><strong>Vegetables</strong>&nbsp;are parts of plants that are consumed by humans or other animals as food. The original meaning is still commonly used and is applied to plants collectively to refer to all edible plant matter, including the&nbsp;<a href=\"https://en.wikipedia.org/wiki/Edible_flower\">flowers</a>,&nbsp;<a href=\"https://en.wikipedia.org/wiki/Fruit\">fruits</a>,&nbsp;<a href=\"https://en.wikipedia.org/wiki/Edible_plant_stem\">stems</a>,&nbsp;<a href=\"https://en.wikipedia.org/wiki/Leaf_vegetable\">leaves</a>,&nbsp;<a href=\"https://en.wikipedia.org/wiki/List_of_root_vegetables\">roots</a>, and&nbsp;<a href=\"https://en.wikipedia.org/wiki/List_of_edible_seeds\">seeds</a>. The alternate definition of the term&nbsp;<em>vegetable</em>&nbsp;is applied somewhat arbitrarily, often by culinary and cultural tradition. It may exclude foods derived from some plants that are&nbsp;<a href=\"https://en.wikipedia.org/wiki/Fruit\">fruits</a>,&nbsp;<a href=\"https://en.wikipedia.org/wiki/Flower\">flowers</a>,&nbsp;<a href=\"https://en.wikipedia.org/wiki/Nut_(fruit)\">nuts</a>, and&nbsp;<a href=\"https://en.wikipedia.org/wiki/Cereal\">cereal</a>&nbsp;grains, but include savoury fruits such as&nbsp;<a href=\"https://en.wikipedia.org/wiki/Tomato\">tomatoes</a>&nbsp;and&nbsp;<a href=\"https://en.wikipedia.org/wiki/Courgette\">courgettes</a>,&nbsp;<a href=\"https://en.wikipedia.org/wiki/Flower\">flowers</a>&nbsp;such as&nbsp;<a href=\"https://en.wikipedia.org/wiki/Broccoli\">broccoli</a>, and seeds such as&nbsp;<a href=\"https://en.wikipedia.org/wiki/Pulse_(legume)\">pulses</a>.</p>\r\n", "featured_url": "product_images/onions2.jpg", "category": 14, "status": "VERIFIED", "feat_product": "NORMAL", "vat_status": "NO_VAT", "seller": 12, "created_at": "2020-01-19T22:22:32.246Z", "updated_at": "2020-01-19T22:22:32.246Z"}}, {"model": "shoppy.product", "pk": 19, "fields": {"name": "Spinach 1bunch 30", "unit_cost": 30.0, "product_brand": 11, "short_description": "Vegetables\u00a0are parts of plants that are consumed by humans or other animals as food.", "long_description": "<p><strong>Vegetables</strong>&nbsp;are parts of plants that are consumed by humans or other animals as food. The original meaning is still commonly used and is applied to plants collectively to refer to all edible plant matter, including the&nbsp;<a href=\"https://en.wikipedia.org/wiki/Edible_flower\">flowers</a>,&nbsp;<a href=\"https://en.wikipedia.org/wiki/Fruit\">fruits</a>,&nbsp;<a href=\"https://en.wikipedia.org/wiki/Edible_plant_stem\">stems</a>,&nbsp;<a href=\"https://en.wikipedia.org/wiki/Leaf_vegetable\">leaves</a>,&nbsp;<a href=\"https://en.wikipedia.org/wiki/List_of_root_vegetables\">roots</a>, and&nbsp;<a href=\"https://en.wikipedia.org/wiki/List_of_edible_seeds\">seeds</a>. The alternate definition of the term&nbsp;<em>vegetable</em>&nbsp;is applied somewhat arbitrarily, often by culinary and cultural tradition. It may exclude foods derived from some plants that are&nbsp;<a href=\"https://en.wikipedia.org/wiki/Fruit\">fruits</a>,&nbsp;<a href=\"https://en.wikipedia.org/wiki/Flower\">flowers</a>,&nbsp;<a href=\"https://en.wikipedia.org/wiki/Nut_(fruit)\">nuts</a>, and&nbsp;<a href=\"https://en.wikipedia.org/wiki/Cereal\">cereal</a>&nbsp;grains, but include savoury fruits such as&nbsp;<a href=\"https://en.wikipedia.org/wiki/Tomato\">tomatoes</a>&nbsp;and&nbsp;<a href=\"https://en.wikipedia.org/wiki/Courgette\">courgettes</a>,&nbsp;<a href=\"https://en.wikipedia.org/wiki/Flower\">flowers</a>&nbsp;such as&nbsp;<a href=\"https://en.wikipedia.org/wiki/Broccoli\">broccoli</a>, and seeds such as&nbsp;<a href=\"https://en.wikipedia.org/wiki/Pulse_(legume)\">pulses</a>.</p>\r\n", "featured_url": "product_images/spinach.jpg", "category": 14, "status": "VERIFIED", "feat_product": "NORMAL", "vat_status": "VAT", "seller": 12, "created_at": "2020-01-19T22:26:51.941Z", "updated_at": "2020-01-19T22:26:51.941Z"}}, {"model": "shoppy.product", "pk": 20, "fields": {"name": "Spinach", "unit_cost": 20.0, "product_brand": 11, "short_description": "Vegetables\u00a0are parts of plants that are consumed by humans or other animals as food.", "long_description": "<p><strong>Vegetables</strong>&nbsp;are parts of plants that are consumed by humans or other animals as food. The original meaning is still commonly used and is applied to plants collectively to refer to all edible plant matter, including the&nbsp;<a href=\"https://en.wikipedia.org/wiki/Edible_flower\">flowers</a>,&nbsp;<a href=\"https://en.wikipedia.org/wiki/Fruit\">fruits</a>,&nbsp;<a href=\"https://en.wikipedia.org/wiki/Edible_plant_stem\">stems</a>,&nbsp;<a href=\"https://en.wikipedia.org/wiki/Leaf_vegetable\">leaves</a>,&nbsp;<a href=\"https://en.wikipedia.org/wiki/List_of_root_vegetables\">roots</a>, and&nbsp;<a href=\"https://en.wikipedia.org/wiki/List_of_edible_seeds\">seeds</a>. The alternate definition of the term&nbsp;<em>vegetable</em>&nbsp;is applied somewhat arbitrarily, often by culinary and cultural tradition. It may exclude foods derived from some plants that are&nbsp;<a href=\"https://en.wikipedia.org/wiki/Fruit\">fruits</a>,&nbsp;<a href=\"https://en.wikipedia.org/wiki/Flower\">flowers</a>,&nbsp;<a href=\"https://en.wikipedia.org/wiki/Nut_(fruit)\">nuts</a>, and&nbsp;<a href=\"https://en.wikipedia.org/wiki/Cereal\">cereal</a>&nbsp;grains, but include savoury fruits such as&nbsp;<a href=\"https://en.wikipedia.org/wiki/Tomato\">tomatoes</a>&nbsp;and&nbsp;<a href=\"https://en.wikipedia.org/wiki/Courgette\">courgettes</a>,&nbsp;<a href=\"https://en.wikipedia.org/wiki/Flower\">flowers</a>&nbsp;such as&nbsp;<a href=\"https://en.wikipedia.org/wiki/Broccoli\">broccoli</a>, and seeds such as&nbsp;<a href=\"https://en.wikipedia.org/wiki/Pulse_(legume)\">pulses</a>.</p>\r\n", "featured_url": "product_images/spinach1.jpg", "category": 14, "status": "VERIFIED", "feat_product": "FEATURED", "vat_status": "VAT", "seller": 12, "created_at": "2020-01-19T22:28:48.034Z", "updated_at": "2020-01-19T22:28:48.034Z"}}, {"model": "shoppy.review", "pk": 1, "fields": {"buyer": 14, "product": 10, "comments": "good", "ratings": 3, "created_at": "2020-01-30T13:57:50.909Z", "updated_at": "2020-01-30T13:57:50.909Z"}}, {"model": "shoppy.review", "pk": 2, "fields": {"buyer": 14, "product": 10, "comments": "better", "ratings": 5, "created_at": "2020-01-30T13:58:04.586Z", "updated_at": "2020-01-30T13:58:04.586Z"}}, {"model": "shoppy.review", "pk": 3, "fields": {"buyer": 14, "product": 10, "comments": "hot\n", "ratings": 1, "created_at": "2020-01-30T14:34:50.653Z", "updated_at": "2020-01-30T14:34:50.653Z"}}, {"model": "shoppy.wishlist", "pk": 9, "fields": {"product": 8, "buyer": 14, "created_at": "2020-01-30T12:50:47.829Z", "updated_at": "2020-01-30T12:50:47.829Z"}}, {"model": "shoppy.wishlist", "pk": 10, "fields": {"product": 10, "buyer": 14, "created_at": "2020-01-30T12:50:50.725Z", "updated_at": "2020-01-30T12:50:50.725Z"}}, {"model": "shoppy.wishlist", "pk": 12, "fields": {"product": 8, "buyer": 13, "created_at": "2020-03-22T15:39:31.318Z", "updated_at": "2020-03-22T15:39:31.318Z"}}, {"model": "shoppy.wishlist", "pk": 13, "fields": {"product": 15, "buyer": 13, "created_at": "2020-03-22T15:39:45.577Z", "updated_at": "2020-03-22T15:39:45.577Z"}}, {"model": "shoppy.region", "pk": 1, "fields": {"name": "Gate A", "seller": 12, "region_cost": 100.0, "created_at": "2020-02-28T11:04:54.596Z", "updated_at": "2020-02-28T11:04:54.596Z"}}, {"model": "shoppy.region", "pk": 2, "fields": {"name": "Gate B", "seller": 12, "region_cost": 50.0, "created_at": "2020-02-28T11:05:10.425Z", "updated_at": "2020-02-28T11:05:10.425Z"}}, {"model": "shoppy.region", "pk": 3, "fields": {"name": "Gate C", "seller": 12, "region_cost": 150.0, "created_at": "2020-02-28T11:05:35.401Z", "updated_at": "2020-02-28T11:05:35.401Z"}}, {"model": "shoppy.region", "pk": 4, "fields": {"name": "Kengo Gate", "seller": 12, "region_cost": 200.0, "created_at": "2020-02-28T11:05:50.777Z", "updated_at": "2020-02-28T11:05:50.778Z"}}, {"model": "shoppy.region", "pk": 5, "fields": {"name": "Kalimoni", "seller": 12, "region_cost": 250.0, "created_at": "2020-02-28T11:07:41.580Z", "updated_at": "2020-02-28T11:07:41.580Z"}}, {"model": "shoppy.region", "pk": 6, "fields": {"name": "Gashororo", "seller": 12, "region_cost": 60.0, "created_at": "2020-02-28T11:08:21.188Z", "updated_at": "2020-02-28T11:08:21.188Z"}}, {"model": "shoppy.checkout", "pk": 33, "fields": {"buyer": 13, "phonenumber": "0700020958", "total": 250.0, "reference_code": "MXTXL", "region": null, "address": null, "amount_paid": 250.0, "shipping_cost": 0.0, "created_at": "2020-01-21T12:07:18.516Z", "updated_at": "2020-01-21T12:07:18.516Z", "status": "PAID", "paymentchoice": "CASH"}}, {"model": "shoppy.checkout", "pk": 34, "fields": {"buyer": 13, "phonenumber": "0700020958", "total": 166.0, "reference_code": "MVZ6Y", "region": null, "address": null, "amount_paid": 180.0, "shipping_cost": 0.0, "created_at": "2020-01-21T12:35:59.487Z", "updated_at": "2020-01-21T12:35:59.487Z", "status": "PAID", "paymentchoice": "CASH"}}, {"model": "shoppy.checkout", "pk": 35, "fields": {"buyer": 13, "phonenumber": "0700020958", "total": 140.6, "reference_code": "MTEZD", "region": null, "address": null, "amount_paid": 141.0, "shipping_cost": 0.0, "created_at": "2020-01-21T13:02:25.417Z", "updated_at": "2020-01-21T13:02:25.417Z", "status": "PAID", "paymentchoice": "CASH"}}, {"model": "shoppy.checkout", "pk": 36, "fields": {"buyer": 13, "phonenumber": "0700020958", "total": 102.0, "reference_code": "MLCDA", "region": null, "address": null, "amount_paid": 102.0, "shipping_cost": 0.0, "created_at": "2020-01-21T13:05:00.076Z", "updated_at": "2020-01-21T13:05:00.076Z", "status": "PAID", "paymentchoice": "CASH"}}, {"model": "shoppy.checkout", "pk": 37, "fields": {"buyer": 13, "phonenumber": "0700020958", "total": 166.4, "reference_code": "MNQ6V", "region": null, "address": null, "amount_paid": 170.0, "shipping_cost": 0.0, "created_at": "2020-01-21T13:12:55.964Z", "updated_at": "2020-01-21T13:12:55.964Z", "status": "PAID", "paymentchoice": "CASH"}}, {"model": "shoppy.checkout", "pk": 38, "fields": {"buyer": 13, "phonenumber": "0700020958", "total": 81.2, "reference_code": "M7P7I", "region": null, "address": null, "amount_paid": 82.0, "shipping_cost": 0.0, "created_at": "2020-01-21T13:27:31.745Z", "updated_at": "2020-01-21T13:27:31.745Z", "status": "PAID", "paymentchoice": "CASH"}}, {"model": "shoppy.checkout", "pk": 39, "fields": {"buyer": 13, "phonenumber": "0700020958", "total": 240.0, "reference_code": "MNY9X", "region": null, "address": null, "amount_paid": 240.0, "shipping_cost": 0.0, "created_at": "2020-01-21T13:31:05.477Z", "updated_at": "2020-01-21T13:31:05.477Z", "status": "PAID", "paymentchoice": "CASH"}}, {"model": "shoppy.checkout", "pk": 40, "fields": {"buyer": 13, "phonenumber": "0700020958", "total": 50.0, "reference_code": "ML3F3", "region": null, "address": null, "amount_paid": 50.0, "shipping_cost": 0.0, "created_at": "2020-01-21T14:24:38.034Z", "updated_at": "2020-01-21T14:24:38.034Z", "status": "PAID", "paymentchoice": "CASH"}}, {"model": "shoppy.checkout", "pk": 41, "fields": {"buyer": 14, "phonenumber": "0706833784", "total": 60.0, "reference_code": "MS5VQ", "region": null, "address": null, "amount_paid": 60.0, "shipping_cost": 0.0, "created_at": "2020-01-28T16:06:56.215Z", "updated_at": "2020-01-28T16:06:56.215Z", "status": "PAID", "paymentchoice": "Mpesa"}}, {"model": "shoppy.checkout", "pk": 42, "fields": {"buyer": 14, "phonenumber": "0706833784", "total": 80.0, "reference_code": "MPMLT", "region": null, "address": null, "amount_paid": 80.0, "shipping_cost": 0.0, "created_at": "2020-01-28T16:13:42.973Z", "updated_at": "2020-01-28T16:13:42.973Z", "status": "PAID", "paymentchoice": "Mpesa"}}, {"model": "shoppy.checkout", "pk": 43, "fields": {"buyer": 14, "phonenumber": "0706833784", "total": 50.0, "reference_code": "MZPCF", "region": null, "address": null, "amount_paid": 50.0, "shipping_cost": 0.0, "created_at": "2020-01-29T13:14:16.687Z", "updated_at": "2020-01-29T13:14:16.687Z", "status": "PAID", "paymentchoice": "CASH"}}, {"model": "shoppy.checkout", "pk": 44, "fields": {"buyer": 14, "phonenumber": "0706833784", "total": 10.0, "reference_code": "MPMPN", "region": null, "address": null, "amount_paid": 0.0, "shipping_cost": 0.0, "created_at": "2020-01-29T13:15:40.198Z", "updated_at": "2020-01-29T13:15:40.198Z", "status": "PENDING", "paymentchoice": "MPESA"}}, {"model": "shoppy.checkout", "pk": 45, "fields": {"buyer": 14, "phonenumber": "0706833784", "total": 60.0, "reference_code": "M1JKF", "region": null, "address": null, "amount_paid": 0.0, "shipping_cost": 0.0, "created_at": "2020-01-29T13:19:58.120Z", "updated_at": "2020-01-29T13:19:58.120Z", "status": "PENDING", "paymentchoice": "CASH"}}, {"model": "shoppy.checkout", "pk": 46, "fields": {"buyer": 13, "phonenumber": "0700020958", "total": 100.0, "reference_code": "MUHCR", "region": null, "address": null, "amount_paid": 0.0, "shipping_cost": 0.0, "created_at": "2020-02-23T14:47:47.604Z", "updated_at": "2020-02-23T14:47:47.604Z", "status": "PENDING", "paymentchoice": "CASH"}}, {"model": "shoppy.checkout", "pk": 47, "fields": {"buyer": 13, "phonenumber": "0700020958", "total": 30.0, "reference_code": "M9BWL", "region": null, "address": null, "amount_paid": 0.0, "shipping_cost": 0.0, "created_at": "2020-02-25T09:00:10.800Z", "updated_at": "2020-02-25T09:00:10.800Z", "status": "PENDING", "paymentchoice": "CASH"}}, {"model": "shoppy.checkout", "pk": 48, "fields": {"buyer": 13, "phonenumber": "0700020958", "total": 5.0, "reference_code": "MWYZ4", "region": null, "address": null, "amount_paid": 0.0, "shipping_cost": 0.0, "created_at": "2020-02-28T16:52:04.214Z", "updated_at": "2020-02-28T16:52:04.214Z", "status": "PENDING", "paymentchoice": "CASH"}}, {"model": "shoppy.checkout", "pk": 49, "fields": {"buyer": 13, "phonenumber": "0700020958", "total": 100.0, "reference_code": "MEP9K", "region": 4, "address": "", "amount_paid": 0.0, "shipping_cost": 0.0, "created_at": "2020-02-28T17:39:10.027Z", "updated_at": "2020-02-28T17:39:10.027Z", "status": "PENDING", "paymentchoice": "CASH"}}, {"model": "shoppy.checkout", "pk": 50, "fields": {"buyer": 13, "phonenumber": "0700020958", "total": 160.0, "reference_code": "MHYEY", "region": 1, "address": "", "amount_paid": 0.0, "shipping_cost": 0.0, "created_at": "2020-02-28T17:57:24.114Z", "updated_at": "2020-02-28T17:57:24.114Z", "status": "PENDING", "paymentchoice": "CASH"}}, {"model": "shoppy.checkout", "pk": 51, "fields": {"buyer": 13, "phonenumber": "0700020958", "total": 150.0, "reference_code": "MZG5R", "region": 1, "address": "", "amount_paid": 0.0, "shipping_cost": 0.0, "created_at": "2020-02-28T21:28:57.827Z", "updated_at": "2020-02-28T21:28:57.827Z", "status": "PENDING", "paymentchoice": "CASH"}}, {"model": "shoppy.checkout", "pk": 52, "fields": {"buyer": 13, "phonenumber": "0700020958", "total": 60.0, "reference_code": "MYMYA", "region": 2, "address": "", "amount_paid": 0.0, "shipping_cost": 0.0, "created_at": "2020-02-28T21:45:33.706Z", "updated_at": "2020-02-28T21:45:33.706Z", "status": "PENDING", "paymentchoice": "CASH"}}, {"model": "shoppy.checkout", "pk": 53, "fields": {"buyer": 13, "phonenumber": "0700020958", "total": 60.0, "reference_code": "M827B", "region": 2, "address": "", "amount_paid": 0.0, "shipping_cost": 0.0, "created_at": "2020-02-28T21:48:35.000Z", "updated_at": "2020-02-28T21:48:35.000Z", "status": "PENDING", "paymentchoice": "CASH"}}, {"model": "shoppy.checkout", "pk": 54, "fields": {"buyer": 13, "phonenumber": "0700020958", "total": 170.0, "reference_code": "MXQF8", "region": 1, "address": "", "amount_paid": 0.0, "shipping_cost": 0.0, "created_at": "2020-03-04T07:43:27.268Z", "updated_at": "2020-03-04T07:43:27.268Z", "status": "PENDING", "paymentchoice": "CASH"}}, {"model": "shoppy.checkout", "pk": 55, "fields": {"buyer": 13, "phonenumber": "0700020958", "total": 250.0, "reference_code": "MKSTI", "region": 4, "address": "", "amount_paid": 0.0, "shipping_cost": 0.0, "created_at": "2020-03-04T07:55:23.640Z", "updated_at": "2020-03-04T07:55:23.640Z", "status": "PENDING", "paymentchoice": "CASH"}}, {"model": "shoppy.checkout", "pk": 56, "fields": {"buyer": 13, "phonenumber": "0700020958", "total": 350.0, "reference_code": "M7VF7", "region": 1, "address": "", "amount_paid": 0.0, "shipping_cost": 0.0, "created_at": "2020-03-04T08:10:31.820Z", "updated_at": "2020-03-04T08:10:31.820Z", "status": "PENDING", "paymentchoice": "CASH"}}, {"model": "shoppy.checkout", "pk": 57, "fields": {"buyer": 13, "phonenumber": "0700020958", "total": 130.0, "reference_code": "M4WW5", "region": 1, "address": "", "amount_paid": 0.0, "shipping_cost": 0.0, "created_at": "2020-03-04T08:19:50.620Z", "updated_at": "2020-03-04T08:19:50.620Z", "status": "PENDING", "paymentchoice": "CASH"}}, {"model": "shoppy.checkout", "pk": 58, "fields": {"buyer": 13, "phonenumber": "0700020958", "total": 150.0, "reference_code": "MI89E", "region": 1, "address": "gate b", "amount_paid": 150.0, "shipping_cost": 0.0, "created_at": "2020-03-04T08:22:56.811Z", "updated_at": "2020-03-04T08:22:56.811Z", "status": "PAID", "paymentchoice": "CASH"}}, {"model": "shoppy.checkout", "pk": 59, "fields": {"buyer": 13, "phonenumber": "0700020958", "total": 25.0, "reference_code": "MJ1BE", "region": null, "address": null, "amount_paid": 0.0, "shipping_cost": 0.0, "created_at": "2020-03-22T18:17:03.655Z", "updated_at": "2020-03-22T18:17:03.655Z", "status": "PENDING", "paymentchoice": "CASH"}}, {"model": "shoppy.order_product", "pk": 40, "fields": {"product": 13, "buyer": 13, "checkout": 33, "quantity": 2, "total": 18.0, "created_at": "2020-01-21T12:06:27.094Z", "updated_at": "2020-01-21T12:06:27.094Z"}}, {"model": "shoppy.order_product", "pk": 43, "fields": {"product": 18, "buyer": 13, "checkout": 34, "quantity": 1, "total": 50.0, "created_at": "2020-01-21T12:35:42.456Z", "updated_at": "2020-01-21T12:35:42.456Z"}}, {"model": "shoppy.order_product", "pk": 44, "fields": {"product": 8, "buyer": 13, "checkout": 35, "quantity": 5, "total": 100.0, "created_at": "2020-01-21T13:01:24.229Z", "updated_at": "2020-01-21T13:01:24.229Z"}}, {"model": "shoppy.order_product", "pk": 45, "fields": {"product": 20, "buyer": 13, "checkout": 35, "quantity": 1, "total": 23.2, "created_at": "2020-01-21T13:01:39.224Z", "updated_at": "2020-01-21T13:01:39.225Z"}}, {"model": "shoppy.order_product", "pk": 46, "fields": {"product": 16, "buyer": 13, "checkout": 35, "quantity": 3, "total": 17.4, "created_at": "2020-01-21T13:02:01.428Z", "updated_at": "2020-01-21T13:02:01.429Z"}}, {"model": "shoppy.order_product", "pk": 47, "fields": {"product": 10, "buyer": 13, "checkout": 36, "quantity": 2, "total": 80.0, "created_at": "2020-01-21T13:04:26.826Z", "updated_at": "2020-01-21T13:04:26.826Z"}}, {"model": "shoppy.order_product", "pk": 48, "fields": {"product": 19, "buyer": 13, "checkout": 36, "quantity": 1, "total": 22.0, "created_at": "2020-01-21T13:04:40.576Z", "updated_at": "2020-01-21T13:04:40.576Z"}}, {"model": "shoppy.order_product", "pk": 49, "fields": {"product": 17, "buyer": 13, "checkout": 37, "quantity": 8, "total": 46.4, "created_at": "2020-01-21T13:12:22.490Z", "updated_at": "2020-01-21T13:12:22.490Z"}}, {"model": "shoppy.order_product", "pk": 50, "fields": {"product": 8, "buyer": 13, "checkout": 37, "quantity": 6, "total": 120.0, "created_at": "2020-01-21T13:12:38.242Z", "updated_at": "2020-01-21T13:12:38.242Z"}}, {"model": "shoppy.order_product", "pk": 51, "fields": {"product": 17, "buyer": 13, "checkout": 38, "quantity": 2, "total": 11.6, "created_at": "2020-01-21T13:26:55.838Z", "updated_at": "2020-01-21T13:26:55.838Z"}}, {"model": "shoppy.order_product", "pk": 52, "fields": {"product": 17, "buyer": 13, "checkout": 38, "quantity": 2, "total": 11.6, "created_at": "2020-01-21T13:26:57.809Z", "updated_at": "2020-01-21T13:26:57.809Z"}}, {"model": "shoppy.order_product", "pk": 53, "fields": {"product": 9, "buyer": 13, "checkout": 38, "quantity": 1, "total": 57.99999999999999, "created_at": "2020-01-21T13:27:11.509Z", "updated_at": "2020-01-21T13:27:11.509Z"}}, {"model": "shoppy.order_product", "pk": 54, "fields": {"product": 14, "buyer": 13, "checkout": 39, "quantity": 3, "total": 180.0, "created_at": "2020-01-21T13:30:12.596Z", "updated_at": "2020-01-21T13:30:12.596Z"}}, {"model": "shoppy.order_product", "pk": 55, "fields": {"product": 8, "buyer": 13, "checkout": 39, "quantity": 3, "total": 60.0, "created_at": "2020-01-21T13:30:25.709Z", "updated_at": "2020-01-21T13:30:25.709Z"}}, {"model": "shoppy.order_product", "pk": 56, "fields": {"product": 10, "buyer": 13, "checkout": 40, "quantity": 1, "total": 40.0, "created_at": "2020-01-21T14:22:32.201Z", "updated_at": "2020-01-21T14:22:32.201Z"}}, {"model": "shoppy.order_product", "pk": 62, "fields": {"product": 10, "buyer": 13, "checkout": 46, "quantity": 2, "total": 100.0, "created_at": "2020-01-27T13:31:10.795Z", "updated_at": "2020-01-27T13:34:18.741Z"}}, {"model": "shoppy.order_product", "pk": 63, "fields": {"product": 10, "buyer": 14, "checkout": 41, "quantity": 1, "total": 40.0, "created_at": "2020-01-28T11:19:06.968Z", "updated_at": "2020-01-28T11:19:06.968Z"}}, {"model": "shoppy.order_product", "pk": 64, "fields": {"product": 13, "buyer": 14, "checkout": 41, "quantity": 1, "total": 9.0, "created_at": "2020-01-28T14:37:12.508Z", "updated_at": "2020-01-28T14:37:12.508Z"}}, {"model": "shoppy.order_product", "pk": 65, "fields": {"product": 18, "buyer": 14, "checkout": 42, "quantity": 1, "total": 50.0, "created_at": "2020-01-28T16:12:04.801Z", "updated_at": "2020-01-28T16:12:04.801Z"}}, {"model": "shoppy.order_product", "pk": 66, "fields": {"product": 20, "buyer": 14, "checkout": 42, "quantity": 1, "total": 20.0, "created_at": "2020-01-28T16:12:23.466Z", "updated_at": "2020-01-28T16:12:23.466Z"}}, {"model": "shoppy.order_product", "pk": 69, "fields": {"product": 10, "buyer": 14, "checkout": 43, "quantity": 1, "total": 40.0, "created_at": "2020-01-29T10:38:00.095Z", "updated_at": "2020-01-29T10:38:00.095Z"}}, {"model": "shoppy.order_product", "pk": 70, "fields": {"product": 13, "buyer": 14, "checkout": 44, "quantity": 1, "total": 9.0, "created_at": "2020-01-29T13:15:17.662Z", "updated_at": "2020-01-29T13:15:17.662Z"}}, {"model": "shoppy.order_product", "pk": 71, "fields": {"product": 8, "buyer": 14, "checkout": 45, "quantity": 2, "total": 40.0, "created_at": "2020-01-29T13:19:47.395Z", "updated_at": "2020-01-29T13:19:47.395Z"}}, {"model": "shoppy.order_product", "pk": 72, "fields": {"product": 8, "buyer": 13, "checkout": 47, "quantity": 1, "total": 20.0, "created_at": "2020-02-25T08:36:38.874Z", "updated_at": "2020-02-25T08:36:38.874Z"}}, {"model": "shoppy.order_product", "pk": 73, "fields": {"product": 17, "buyer": 13, "checkout": 48, "quantity": 1, "total": 5.0, "created_at": "2020-02-28T10:46:08.365Z", "updated_at": "2020-02-28T10:46:08.365Z"}}, {"model": "shoppy.order_product", "pk": 74, "fields": {"product": 10, "buyer": 13, "checkout": 49, "quantity": 2, "total": 80.0, "created_at": "2020-02-28T16:52:44.112Z", "updated_at": "2020-02-28T16:52:44.112Z"}}, {"model": "shoppy.order_product", "pk": 75, "fields": {"product": 8, "buyer": 13, "checkout": 50, "quantity": 2, "total": 40.0, "created_at": "2020-02-28T17:46:13.817Z", "updated_at": "2020-02-28T17:46:13.817Z"}}, {"model": "shoppy.order_product", "pk": 76, "fields": {"product": 10, "buyer": 13, "checkout": 51, "quantity": 1, "total": 40.0, "created_at": "2020-02-28T18:04:54.543Z", "updated_at": "2020-02-28T18:04:54.543Z"}}, {"model": "shoppy.order_product", "pk": 77, "fields": {"product": 13, "buyer": 13, "checkout": 52, "quantity": 1, "total": 9.0, "created_at": "2020-02-28T21:44:52.237Z", "updated_at": "2020-02-28T21:44:52.237Z"}}, {"model": "shoppy.order_product", "pk": 78, "fields": {"product": 13, "buyer": 13, "checkout": 53, "quantity": 1, "total": 9.0, "created_at": "2020-02-28T21:48:16.911Z", "updated_at": "2020-02-28T21:48:16.911Z"}}, {"model": "shoppy.order_product", "pk": 79, "fields": {"product": 14, "buyer": 13, "checkout": 54, "quantity": 1, "total": 60.0, "created_at": "2020-03-04T07:38:22.556Z", "updated_at": "2020-03-04T07:38:22.556Z"}}, {"model": "shoppy.order_product", "pk": 80, "fields": {"product": 8, "buyer": 13, "checkout": 55, "quantity": 1, "total": 20.0, "created_at": "2020-03-04T07:45:24.744Z", "updated_at": "2020-03-04T07:45:24.744Z"}}, {"model": "shoppy.order_product", "pk": 81, "fields": {"product": 20, "buyer": 13, "checkout": 55, "quantity": 1, "total": 20.0, "created_at": "2020-03-04T07:54:48.381Z", "updated_at": "2020-03-04T07:54:48.381Z"}}, {"model": "shoppy.order_product", "pk": 82, "fields": {"product": 10, "buyer": 13, "checkout": 56, "quantity": 5, "total": 200.0, "created_at": "2020-03-04T08:09:39.313Z", "updated_at": "2020-03-04T08:09:39.313Z"}}, {"model": "shoppy.order_product", "pk": 83, "fields": {"product": 8, "buyer": 13, "checkout": 57, "quantity": 1, "total": 20.0, "created_at": "2020-03-04T08:19:40.461Z", "updated_at": "2020-03-04T08:19:40.461Z"}}, {"model": "shoppy.order_product", "pk": 84, "fields": {"product": 10, "buyer": 13, "checkout": 58, "quantity": 1, "total": 40.0, "created_at": "2020-03-04T08:22:47.169Z", "updated_at": "2020-03-04T08:22:47.169Z"}}, {"model": "shoppy.order_product", "pk": 85, "fields": {"product": 20, "buyer": 13, "checkout": 59, "quantity": 1, "total": 20.0, "created_at": "2020-03-04T08:30:03.780Z", "updated_at": "2020-03-04T08:30:03.780Z"}}, {"model": "shoppy.order_product", "pk": 86, "fields": {"product": 17, "buyer": 13, "checkout": 59, "quantity": 1, "total": 5.0, "created_at": "2020-03-04T08:30:25.451Z", "updated_at": "2020-03-04T08:30:25.451Z"}}, {"model": "shoppy.order_payment", "pk": 20, "fields": {"checkout": 33, "amount": 250.0, "seller": 12, "balance": 0.0, "payment_refrence": "qsdfssd", "created_at": "2020-01-21T15:06:15.297Z", "updated_at": "2020-01-21T15:06:15.297Z"}}, {"model": "shoppy.order_payment", "pk": 21, "fields": {"checkout": 34, "amount": 180.0, "seller": 12, "balance": -14.0, "payment_refrence": "dscxzfds", "created_at": "2020-01-21T15:06:28.961Z", "updated_at": "2020-01-21T15:06:28.961Z"}}, {"model": "shoppy.order_payment", "pk": 22, "fields": {"checkout": 36, "amount": 102.0, "seller": 12, "balance": 0.0, "payment_refrence": "sfzdfsdfd", "created_at": "2020-01-21T15:06:44.033Z", "updated_at": "2020-01-21T15:06:44.033Z"}}, {"model": "shoppy.order_payment", "pk": 23, "fields": {"checkout": 35, "amount": 141.0, "seller": 12, "balance": -0.4000000000000057, "payment_refrence": "qwerq2w", "created_at": "2020-01-21T15:08:05.683Z", "updated_at": "2020-01-21T15:08:05.683Z"}}, {"model": "shoppy.order_payment", "pk": 24, "fields": {"checkout": 40, "amount": 50.0, "seller": 12, "balance": 0.0, "payment_refrence": "gvhvhbv", "created_at": "2020-01-21T15:11:16.739Z", "updated_at": "2020-01-21T15:11:16.739Z"}}, {"model": "shoppy.order_payment", "pk": 25, "fields": {"checkout": 37, "amount": 170.0, "seller": 12, "balance": -3.5999999999999943, "payment_refrence": "vkhgvb", "created_at": "2020-01-21T15:11:28.061Z", "updated_at": "2020-01-21T15:11:28.061Z"}}, {"model": "shoppy.order_payment", "pk": 26, "fields": {"checkout": 39, "amount": 240.0, "seller": 12, "balance": 0.0, "payment_refrence": "gjkhkgh", "created_at": "2020-01-21T15:11:38.984Z", "updated_at": "2020-01-21T15:11:38.984Z"}}, {"model": "shoppy.order_payment", "pk": 27, "fields": {"checkout": 39, "amount": 240.0, "seller": 12, "balance": 0.0, "payment_refrence": "gjkhkgh", "created_at": "2020-01-21T15:11:54.350Z", "updated_at": "2020-01-21T15:11:54.350Z"}}, {"model": "shoppy.order_payment", "pk": 28, "fields": {"checkout": 39, "amount": 240.0, "seller": 12, "balance": 0.0, "payment_refrence": "hhhjhjf", "created_at": "2020-01-21T15:12:04.197Z", "updated_at": "2020-01-21T15:12:04.197Z"}}, {"model": "shoppy.order_payment", "pk": 29, "fields": {"checkout": 38, "amount": 82.0, "seller": 12, "balance": -0.7999999999999972, "payment_refrence": "bfdgfh", "created_at": "2020-01-21T15:12:29.854Z", "updated_at": "2020-01-21T15:12:29.854Z"}}, {"model": "shoppy.order_payment", "pk": 30, "fields": {"checkout": 41, "amount": 60.0, "seller": 12, "balance": 0.0, "payment_refrence": "eewwee", "created_at": "2020-01-29T08:57:35.699Z", "updated_at": "2020-01-29T08:57:35.699Z"}}, {"model": "shoppy.order_payment", "pk": 31, "fields": {"checkout": 42, "amount": 80.0, "seller": 12, "balance": 0.0, "payment_refrence": "kgfkff", "created_at": "2020-01-29T08:57:51.167Z", "updated_at": "2020-01-29T08:57:51.167Z"}}, {"model": "shoppy.order_payment", "pk": 32, "fields": {"checkout": 43, "amount": 50.0, "seller": 12, "balance": 0.0, "payment_refrence": "WDDWFE", "created_at": "2020-02-25T09:10:12.174Z", "updated_at": "2020-02-25T09:10:12.174Z"}}, {"model": "shoppy.order_payment", "pk": 33, "fields": {"checkout": 58, "amount": 150.0, "seller": 12, "balance": 0.0, "payment_refrence": "kkkhjm", "created_at": "2020-03-04T08:35:09.451Z", "updated_at": "2020-03-04T08:35:09.451Z"}}, {"model": "shoppy.order_payment", "pk": 34, "fields": {"checkout": 58, "amount": 150.0, "seller": 12, "balance": 0.0, "payment_refrence": "kkkhjm", "created_at": "2020-03-04T08:35:40.906Z", "updated_at": "2020-03-04T08:35:40.906Z"}}, {"model": "shoppy.carousel", "pk": 4, "fields": {"image": "couresel/3d4d74c0-f53c-11e9-9514-3f31cfb386e6_12ddd30c-5a94-4145-9034-5c6b0a462df2_thumb_rkZD4Sq.jpg", "product": 8, "seller": 12, "description": "100% Fresh & Organic Foods", "created_at": "2020-01-19T22:13:41.848Z", "updated_at": "2020-03-21T20:23:09.711Z"}}, {"model": "shoppy.carousel", "pk": 5, "fields": {"image": "couresel/TOPS_200125_Fader_FreshProduce.jpg", "product": 9, "seller": 12, "description": "We Serve Fresh Vegitables & Fruits", "created_at": "2020-01-19T22:14:57.481Z", "updated_at": "2020-03-21T20:23:57.040Z"}}, {"model": "shoppy.variant", "pk": 1, "fields": {"seller": 1, "name": "Color", "created_at": "2019-12-20T10:41:09.916Z", "updated_at": "2019-12-20T10:41:09.916Z"}}, {"model": "shoppy.variant_option", "pk": 1, "fields": {"variant": 1, "name": "red", "seller": 1, "created_at": "2019-12-20T10:41:20.274Z", "updated_at": "2019-12-20T10:41:20.274Z"}}, {"model": "shoppy.variant_option", "pk": 2, "fields": {"variant": 1, "name": "pink", "seller": 1, "created_at": "2019-12-20T10:41:59.356Z", "updated_at": "2019-12-20T10:41:59.356Z"}}]